,name,artist,release_date,length,acousticness,danceability,instrumentalness,loudness,liveness,tempo,energy,speechiness,valence,time_signature,popularity
0,"Hey, Soul Sister",Train,2010,217.0,0.15755304715909085,0.67,0.169678918465909,-4.0,0.08,97.0,0.89,0.04,0.8,3.9829545454545454,83
1,Love The Way You Lie,Eminem,2010,263.0,0.15755304715909085,0.75,0.169678918465909,-5.0,0.52,87.0,0.93,0.23,0.64,3.9829545454545454,82
2,TiK ToK,Kesha,2010,200.0,0.07,0.76,6.47e-06,-3.0,0.29,120.0,0.84,0.14,0.71,4.0,80
3,Bad Romance,Lady Gaga,2010,295.0,0.15755304715909085,0.7000000000000001,0.169678918465909,-4.0,0.08,119.0,0.92,0.04,0.71,3.9829545454545454,79
4,Just the Way You Are,Bruno Mars,2010,221.0,0.15755304715909085,0.64,0.169678918465909,-5.0,0.09,109.0,0.84,0.04,0.43,3.9829545454545454,78
5,Baby,Justin Bieber,2010,214.0,0.15755304715909085,0.73,0.169678918465909,-5.0,0.11,65.0,0.86,0.14,0.54,3.9829545454545454,77
6,Dynamite,Taio Cruz,2010,203.0,0.985,0.75,0.888,-4.0,0.04,120.0,0.78,0.09,0.8200000000000001,5.0,77
7,Secrets,OneRepublic,2010,225.0,0.15755304715909085,0.52,0.169678918465909,-6.0,0.12,148.0,0.76,0.04,0.38,3.9829545454545454,77
8,Empire State of Mind (Part II) Broken Down,Alicia Keys,2010,216.0,0.15755304715909085,0.48,0.169678918465909,-8.0,0.12,93.0,0.37,0.03,0.14,3.9829545454545454,76
9,Only Girl (In The World),Rihanna,2010,235.0,0.000242,0.79,0.866,-4.0,0.07,126.0,0.72,0.04,0.61,4.0,73
10,Club Can't Handle Me (feat. David Guetta),Flo Rida,2010,235.0,0.0205,0.62,0.0,-4.0,0.06,128.0,0.87,0.03,0.47,4.0,73
11,Marry You,Bruno Mars,2010,230.0,0.15755304715909085,0.62,0.169678918465909,-5.0,0.1,145.0,0.8300000000000001,0.04,0.48,3.9829545454545454,73
12,Cooler Than Me - Single Mix,Mike Posner,2010,213.0,0.15755304715909085,0.77,0.169678918465909,-5.0,0.7000000000000001,130.0,0.8200000000000001,0.05,0.63,3.9829545454545454,73
13,Telephone,Lady Gaga,2010,221.0,0.15755304715909085,0.8300000000000001,0.169678918465909,-6.0,0.11,122.0,0.8300000000000001,0.04,0.71,3.9829545454545454,73
14,Like A G6,Far East Movement,2010,217.0,0.00589,0.44,0.0,-8.0,0.12,125.0,0.84,0.45,0.78,4.0,72
15,OMG (feat. will.i.am),Usher,2010,269.0,0.198,0.78,1.1400000000000001e-05,-6.0,0.36,130.0,0.75,0.03,0.33,4.0,72
16,Eenie Meenie,Sean Kingston,2010,202.0,0.15755304715909085,0.72,0.169678918465909,-4.0,0.11,121.0,0.61,0.03,0.8300000000000001,3.9829545454545454,71
17,The Time (Dirty Bit),The Black Eyed Peas,2010,308.0,0.0662,0.8200000000000001,2.77e-06,-8.0,0.6,128.0,0.81,0.07,0.44,4.0,70
18,Alejandro,Lady Gaga,2010,274.0,0.15755304715909085,0.63,0.169678918465909,-7.0,0.36,99.0,0.8,0.05,0.37,3.9829545454545454,69
19,Your Love Is My Drug,Kesha,2010,187.0,0.15755304715909085,0.8300000000000001,0.169678918465909,-4.0,0.09,120.0,0.61,0.1,0.76,3.9829545454545454,69
20,Meet Me Halfway,The Black Eyed Peas,2010,284.0,0.15755304715909085,0.8,0.169678918465909,-7.0,0.32,130.0,0.63,0.07,0.4,3.9829545454545454,68
21,Whataya Want from Me,Adam Lambert,2010,227.0,0.15755304715909085,0.44,0.169678918465909,-5.0,0.06,186.0,0.68,0.05,0.45,3.9829545454545454,66
22,Take It Off,Kesha,2010,215.0,0.15755304715909085,0.73,0.169678918465909,-5.0,0.09,125.0,0.68,0.03,0.74,3.9829545454545454,66
23,Misery,Maroon 5,2010,216.0,0.15755304715909085,0.7000000000000001,0.169678918465909,-5.0,0.22,103.0,0.81,0.04,0.73,3.9829545454545454,65
24,All The Right Moves,OneRepublic,2010,238.0,0.15755304715909085,0.53,0.169678918465909,-4.0,0.28,146.0,0.95,0.05,0.65,3.9829545454545454,65
25,Animal,Neon Trees,2010,212.0,0.15755304715909085,0.48,0.169678918465909,-6.0,0.38,148.0,0.8300000000000001,0.04,0.74,3.9829545454545454,65
26,Naturally,Selena Gomez & The Scene,2010,203.0,0.15755304715909085,0.61,0.169678918465909,-5.0,0.05,133.0,0.9,0.05,0.88,3.9829545454545454,64
27,I Like It,Enrique Iglesias,2010,231.0,0.15755304715909085,0.65,0.169678918465909,-3.0,0.06,129.0,0.94,0.09,0.73,3.9829545454545454,63
28,Teenage Dream,Katy Perry,2010,228.0,0.15755304715909085,0.72,0.169678918465909,-5.0,0.13,120.0,0.8,0.04,0.59,3.9829545454545454,63
29,California Gurls,Katy Perry,2010,235.0,0.15755304715909085,0.79,0.169678918465909,-4.0,0.18,125.0,0.75,0.05,0.4,3.9829545454545454,62
30,3,Britney Spears,2010,213.0,6.77e-05,0.7000000000000001,0.527,-2.0,0.14,135.0,0.71,0.05,0.79,4.0,62
31,My First Kiss - feat. Ke$ha,3OH!3,2010,192.0,0.000242,0.68,0.866,-4.0,0.36,138.0,0.89,0.08,0.8300000000000001,4.0,62
32,Blah Blah Blah (feat. 3OH!3),Kesha,2010,172.0,0.018000000000000002,0.75,0.10400000000000001,-3.0,0.42,120.0,0.84,0.12,0.52,4.0,62
33,Imma Be,The Black Eyed Peas,2010,258.0,0.15755304715909085,0.6,0.169678918465909,-7.0,0.31,92.0,0.52,0.37,0.41,3.9829545454545454,62
34,Try Sleeping with a Broken Heart,Alicia Keys,2010,249.0,0.15755304715909085,0.5,0.169678918465909,-5.0,0.13,111.0,0.8200000000000001,0.11,0.55,3.9829545454545454,62
35,Sexy Bitch (feat. Akon),David Guetta,2010,196.0,0.076,0.81,0.000616,-5.0,0.13,130.0,0.63,0.05,0.8,4.0,61
36,Bound To You - Burlesque Original Motion Picture Soundtrack,Christina Aguilera,2010,264.0,0.15755304715909085,0.29,0.169678918465909,-5.0,0.13,164.0,0.41,0.03,0.07,3.9829545454545454,61
37,If I Had You,Adam Lambert,2010,228.0,0.15755304715909085,0.65,0.169678918465909,-4.0,0.37,131.0,0.91,0.11,0.79,3.9829545454545454,59
38,Rock That Body,The Black Eyed Peas,2010,269.0,0.15755304715909085,0.72,0.169678918465909,-6.0,0.43,125.0,0.91,0.1,0.84,3.9829545454545454,59
39,Dog Days Are Over,Florence + The Machine,2010,253.0,0.15755304715909085,0.5,0.169678918465909,-5.0,0.12,150.0,0.81,0.09,0.26,3.9829545454545454,58
40,Something's Got A Hold On Me - Burlesque Original Motion Picture Soundtrack,Christina Aguilera,2010,185.0,0.15755304715909085,0.51,0.169678918465909,-4.0,0.12,150.0,0.85,0.27,0.72,3.9829545454545454,58
41,Doesn't Mean Anything,Alicia Keys,2010,273.0,0.15755304715909085,0.71,0.169678918465909,-7.0,0.1,104.0,0.41,0.03,0.1,3.9829545454545454,57
42,Hard,Rihanna,2010,251.0,0.15755304715909085,0.31,0.169678918465909,-4.0,0.65,182.0,0.75,0.11,0.16,3.9829545454545454,57
43,Loca,Shakira,2010,193.0,0.15755304715909085,0.8,0.169678918465909,-4.0,0.09,112.0,0.87,0.07,0.85,3.9829545454545454,56
44,You Lost Me,Christina Aguilera,2010,257.0,0.15755304715909085,0.23,0.169678918465909,-6.0,0.14,43.0,0.39,0.04,0.07,3.9829545454545454,56
45,Not Myself Tonight,Christina Aguilera,2010,186.0,0.15755304715909085,0.76,0.169678918465909,-5.0,0.56,120.0,0.81,0.04,0.54,3.9829545454545454,55
46,Written in the Stars (feat. Eric Turner),Tinie Tempah,2010,220.0,0.00128,0.64,0.13,-4.0,0.18,91.0,0.95,0.07,0.5700000000000001,4.0,52
47,DJ Got Us Fallin' In Love (feat. Pitbull),Usher,2010,221.0,0.0444,0.66,0.0,-3.0,0.08,120.0,0.86,0.11,0.65,4.0,52
48,Castle Walls (feat. Christina Aguilera),T.I.,2010,329.0,0.15755304715909085,0.45,0.169678918465909,-5.0,0.26,80.0,0.86,0.39,0.58,3.9829545454545454,49
49,Break Your Heart,Taio Cruz,2010,186.0,0.15755304715909085,0.67,0.169678918465909,-5.0,0.08,122.0,0.9,0.03,0.63,3.9829545454545454,33
50,Hello,Martin Solveig,2010,191.0,0.15755304715909085,0.67,0.169678918465909,-3.0,0.1,128.0,0.98,0.03,0.45,3.9829545454545454,0
51,A Thousand Years,Christina Perri,2011,285.0,0.15755304715909085,0.42,0.169678918465909,-7.0,0.11,139.0,0.41,0.03,0.16,3.9829545454545454,81
52,Someone Like You,Adele,2011,285.0,0.0144,0.56,0.843,-8.0,0.1,135.0,0.33,0.03,0.28,4.0,80
53,Give Me Everything,Pitbull,2011,252.0,0.15755304715909085,0.67,0.169678918465909,-3.0,0.3,129.0,0.94,0.16,0.53,3.9829545454545454,79
54,Just the Way You Are,Bruno Mars,2011,221.0,0.15755304715909085,0.64,0.169678918465909,-5.0,0.09,109.0,0.84,0.04,0.43,3.9829545454545454,78
55,Rolling in the Deep,Adele,2011,228.0,0.15755304715909085,0.73,0.169678918465909,-5.0,0.05,105.0,0.76,0.03,0.52,3.9829545454545454,76
56,Run the World (Girls),Beyoncé,2011,236.0,0.00496,0.73,4.72e-05,-4.0,0.37,127.0,0.9,0.14,0.76,4.0,76
57,Moves Like Jagger - Studio Recording From The Voice Performance,Maroon 5,2011,201.0,0.15755304715909085,0.72,0.169678918465909,-4.0,0.32,128.0,0.76,0.05,0.62,3.9829545454545454,76
58,Love On Top,Beyoncé,2011,267.0,0.15755304715909085,0.65,0.169678918465909,-5.0,0.6,94.0,0.75,0.09,0.65,3.9829545454545454,76
59,Grenade,Bruno Mars,2011,223.0,0.0176,0.71,0.0,-7.0,0.12,110.0,0.56,0.06,0.23,4.0,75
60,Tonight Tonight,Hot Chelle Rae,2011,200.0,0.15755304715909085,0.6900000000000001,0.169678918465909,-5.0,0.16,100.0,0.78,0.12,0.81,3.9829545454545454,75
61,What the Hell,Avril Lavigne,2011,221.0,0.15755304715909085,0.58,0.169678918465909,-4.0,0.14,150.0,0.93,0.05,0.88,3.9829545454545454,74
62,Born This Way,Lady Gaga,2011,260.0,0.15755304715909085,0.59,0.169678918465909,-5.0,0.33,124.0,0.8300000000000001,0.16,0.49,3.9829545454545454,73
63,Monster,Kanye West,2011,379.0,0.15755304715909085,0.63,0.169678918465909,-6.0,0.67,125.0,0.6900000000000001,0.2,0.1,3.9829545454545454,73
64,Marry You,Bruno Mars,2011,230.0,0.15755304715909085,0.62,0.169678918465909,-5.0,0.1,145.0,0.8300000000000001,0.04,0.48,3.9829545454545454,73
65,Best Thing I Never Had,Beyoncé,2011,254.0,0.15755304715909085,0.55,0.169678918465909,-4.0,0.09,99.0,0.65,0.03,0.3,3.9829545454545454,73
66,Party Rock Anthem,LMFAO,2011,262.0,0.15755304715909085,0.75,0.169678918465909,-4.0,0.27,130.0,0.74,0.16,0.35000000000000003,3.9829545454545454,72
67,We R Who We R,Kesha,2011,205.0,0.00079,0.74,0.0,-5.0,0.12,120.0,0.8200000000000001,0.04,0.65,4.0,72
68,Price Tag,Jessie J,2011,223.0,0.15755304715909085,0.64,0.169678918465909,-4.0,0.27,175.0,0.8300000000000001,0.18,0.68,3.9829545454545454,72
69,Good Life,OneRepublic,2011,253.0,0.15755304715909085,0.63,0.169678918465909,-8.0,0.13,95.0,0.6900000000000001,0.05,0.65,3.9829545454545454,72
70,Just Cant Get Enough,The Black Eyed Peas,2011,219.0,0.15755304715909085,0.66,0.169678918465909,-9.0,0.11,94.0,0.63,0.18,0.26,3.9829545454545454,71
71,On The Floor,Jennifer Lopez,2011,285.0,0.15755304715909085,0.73,0.169678918465909,-5.0,0.07,130.0,0.78,0.05,0.5700000000000001,3.9829545454545454,69
72,What's My Name?,Rihanna,2011,263.0,0.182,0.6900000000000001,0.0,-3.0,0.08,100.0,0.79,0.07,0.58,4.0,69
73,Yeah 3x,Chris Brown,2011,242.0,0.15755304715909085,0.71,0.169678918465909,-3.0,0.09,130.0,0.88,0.04,0.7000000000000001,3.9829545454545454,69
74,Without You (feat. Usher),David Guetta,2011,208.0,0.22699999999999998,0.61,3.82e-06,-4.0,0.16,128.0,0.61,0.03,0.4,4.0,68
75,Sexy And I Know It,LMFAO,2011,199.0,0.15755304715909085,0.71,0.169678918465909,-4.0,0.19,130.0,0.86,0.32,0.8,3.9829545454545454,67
76,The Edge Of Glory,Lady Gaga,2011,321.0,0.15755304715909085,0.58,0.169678918465909,-6.0,0.11,128.0,0.77,0.04,0.36,3.9829545454545454,67
77,E.T.,Katy Perry,2011,230.0,0.0015300000000000001,0.62,0.9329999999999999,-5.0,0.37,152.0,0.87,0.18,0.76,4.0,66
78,Till the World Ends,Britney Spears,2011,238.0,0.15755304715909085,0.6900000000000001,0.169678918465909,-6.0,0.2,132.0,0.71,0.07,0.45,3.9829545454545454,65
79,I Wanna Go,Britney Spears,2011,210.0,0.15755304715909085,0.7000000000000001,0.169678918465909,-7.0,0.33,130.0,0.55,0.04,0.79,3.9829545454545454,64
80,Blow,Kesha,2011,220.0,0.38799999999999996,0.75,0.0,-4.0,0.07,120.0,0.73,0.04,0.81,4.0,64
81,You And I,Lady Gaga,2011,307.0,0.15755304715909085,0.52,0.169678918465909,-5.0,0.09,127.0,0.7000000000000001,0.05,0.52,3.9829545454545454,64
82,Judas,Lady Gaga,2011,249.0,0.15755304715909085,0.66,0.169678918465909,-4.0,0.27,131.0,0.93,0.07,0.53,3.9829545454545454,63
83,Tonight (I'm Fuckin' You),Enrique Iglesias,2011,232.0,0.0296,0.65,9.32e-06,-4.0,0.12,126.0,0.89,0.05,0.32,4.0,63
84,Please Don't Go,Mike Posner,2011,197.0,0.15755304715909085,0.7000000000000001,0.169678918465909,-4.0,0.13,120.0,0.88,0.03,0.66,3.9829545454545454,63
85,We Found Love,Rihanna,2011,215.0,0.185,0.73,0.000337,-4.0,0.11,128.0,0.77,0.04,0.6,4.0,61
86,Marry The Night,Lady Gaga,2011,265.0,0.15755304715909085,0.61,0.169678918465909,-4.0,0.46,131.0,0.88,0.06,0.38,3.9829545454545454,61
87,1+1,Beyoncé,2011,274.0,0.000691,0.3,0.47700000000000004,-7.0,0.07,63.0,0.38,0.03,0.26,4.0,60
88,Hold It Against Me,Britney Spears,2011,229.0,0.15755304715909085,0.65,0.169678918465909,-5.0,0.24,133.0,0.72,0.04,0.39,3.9829545454545454,59
89,I'm Into You,Jennifer Lopez,2011,200.0,0.15755304715909085,0.59,0.169678918465909,-4.0,0.08,84.0,0.75,0.14,0.7000000000000001,3.9829545454545454,59
90,Papi,Jennifer Lopez,2011,223.0,0.15755304715909085,0.71,0.169678918465909,-5.0,0.37,120.0,0.81,0.06,0.89,3.9829545454545454,58
91,Cheers (Drink To That),Rihanna,2011,262.0,0.0182,0.58,0.0,-4.0,0.29,80.0,0.91,0.04,0.73,4.0,58
92,S&M Remix,Rihanna,2011,257.0,0.15755304715909085,0.8200000000000001,0.169678918465909,-3.0,0.05,128.0,0.81,0.05,0.89,3.9829545454545454,54
93,Written in the Stars (feat. Eric Turner),Tinie Tempah,2011,220.0,0.00128,0.64,0.13,-4.0,0.18,91.0,0.95,0.07,0.5700000000000001,4.0,52
94,Jar of Hearts,Christina Perri,2011,247.0,0.15755304715909085,0.35000000000000003,0.169678918465909,-6.0,0.12,75.0,0.35000000000000003,0.03,0.09,3.9829545454545454,50
95,Castle Walls (feat. Christina Aguilera),T.I.,2011,329.0,0.15755304715909085,0.45,0.169678918465909,-5.0,0.26,80.0,0.86,0.39,0.58,3.9829545454545454,49
96,Turning Page,Sleeping At Last,2011,255.0,0.15755304715909085,0.3,0.169678918465909,-8.0,0.11,125.0,0.38,0.03,0.19,3.9829545454545454,46
97,Super Bass,Nicki Minaj,2011,201.0,0.15755304715909085,0.77,0.169678918465909,-7.0,0.4,127.0,0.74,0.23,0.59,3.9829545454545454,38
98,Raise Your Glass,P!nk,2011,208.0,0.15755304715909085,0.68,0.169678918465909,-7.0,0.12,122.0,0.64,0.12,0.56,3.9829545454545454,38
99,Invading My Mind,Jennifer Lopez,2011,201.0,0.15755304715909085,0.73,0.169678918465909,-4.0,0.32,129.0,0.88,0.07,0.6900000000000001,3.9829545454545454,31
100,Moment 4 Life - Album Version (Edited),Nicki Minaj,2011,279.0,0.15755304715909085,0.5,0.169678918465909,-4.0,0.22,130.0,0.88,0.38,0.37,3.9829545454545454,28
101,Last Friday Night (T.G.I.F.),Katy Perry,2011,231.0,0.00125,0.65,4.31e-05,-4.0,0.67,126.0,0.81,0.04,0.72,4.0,27
102,Firework,Katy Perry,2011,228.0,0.15755304715909085,0.64,0.169678918465909,-5.0,0.11,124.0,0.8300000000000001,0.05,0.65,3.9829545454545454,25
103,Muny - Album Version (Edited),Nicki Minaj,2011,227.0,0.15755304715909085,0.8,0.169678918465909,-5.0,0.19,98.0,0.72,0.33,0.53,3.9829545454545454,7
104,Titanium (feat. Sia),David Guetta,2012,245.0,0.0678,0.6,0.153,-4.0,0.13,126.0,0.79,0.1,0.3,4.0,80
105,Locked Out of Heaven,Bruno Mars,2012,233.0,0.0393,0.73,0.0,-4.0,0.31,144.0,0.7000000000000001,0.04,0.87,4.0,79
106,Paradise,Coldplay,2012,279.0,0.15755304715909085,0.45,0.169678918465909,-7.0,0.08,140.0,0.59,0.03,0.2,3.9829545454545454,79
107,Payphone,Maroon 5,2012,231.0,0.15755304715909085,0.74,0.169678918465909,-5.0,0.29,110.0,0.75,0.04,0.55,3.9829545454545454,79
108,What Makes You Beautiful,One Direction,2012,200.0,0.009000000000000001,0.73,0.0,-2.0,0.06,125.0,0.79,0.07,0.89,4.0,78
109,I Knew You Were Trouble.,Taylor Swift,2012,220.0,0.131,0.62,0.00345,-7.0,0.03,77.0,0.47,0.04,0.68,4.0,77
110,Call Me Maybe,Carly Rae Jepsen,2012,193.0,0.15755304715909085,0.78,0.169678918465909,-7.0,0.11,120.0,0.58,0.04,0.66,3.9829545454545454,76
111,Love You Like A Love Song,Selena Gomez & The Scene,2012,188.0,0.0499,0.86,0.0,-4.0,0.07,117.0,0.68,0.05,0.92,4.0,76
112,Set Fire to the Rain,Adele,2012,242.0,0.00165,0.61,0.0,-4.0,0.13,108.0,0.68,0.03,0.47,4.0,76
113,We Are Never Ever Getting Back Together,Taylor Swift,2012,193.0,0.15755304715909085,0.63,0.169678918465909,-6.0,0.12,86.0,0.68,0.09,0.75,3.9829545454545454,75
114,Stronger (What Doesn't Kill You),Kelly Clarkson,2012,222.0,0.0117,0.56,1.49e-05,-4.0,0.11,116.0,0.94,0.05,0.68,3.0,74
115,Try,P!nk,2012,248.0,0.15755304715909085,0.67,0.169678918465909,-7.0,0.09,104.0,0.63,0.03,0.55,3.9829545454545454,74
116,Starships,Nicki Minaj,2012,211.0,0.15755304715909085,0.75,0.169678918465909,-2.0,0.25,125.0,0.72,0.08,0.75,3.9829545454545454,73
117,One More Night,Maroon 5,2012,220.0,0.15755304715909085,0.72,0.169678918465909,-3.0,0.08,93.0,0.8200000000000001,0.03,0.62,3.9829545454545454,73
118,Good Time,Owl City,2012,206.0,0.15755304715909085,0.56,0.169678918465909,-4.0,0.37,126.0,0.87,0.14,0.68,3.9829545454545454,73
119,Glad You Came,The Wanted,2012,198.0,0.15755304715909085,0.72,0.169678918465909,-4.0,0.11,127.0,0.85,0.06,0.45,3.9829545454545454,72
120,Beauty And A Beat,Justin Bieber,2012,228.0,0.15755304715909085,0.6,0.169678918465909,-5.0,0.07,128.0,0.84,0.06,0.53,3.9829545454545454,72
121,International Love,Pitbull,2012,227.0,0.15755304715909085,0.67,0.169678918465909,-3.0,0.34,120.0,0.86,0.05,0.65,3.9829545454545454,72
122,Some Nights,fun.,2012,277.0,0.78,0.67,8.65e-05,-7.0,0.09,108.0,0.74,0.05,0.39,3.0,72
123,Boyfriend,Justin Bieber,2012,171.0,0.15755304715909085,0.72,0.169678918465909,-6.0,0.13,97.0,0.55,0.05,0.33,3.9829545454545454,71
124,Part Of Me,Katy Perry,2012,216.0,0.15755304715909085,0.68,0.169678918465909,-5.0,0.07,130.0,0.92,0.04,0.77,3.9829545454545454,71
125,Domino,Jessie J,2012,232.0,0.15755304715909085,0.76,0.169678918465909,-5.0,0.04,127.0,0.55,0.03,0.78,3.9829545454545454,69
126,Where Have You Been,Rihanna,2012,243.0,0.15755304715909085,0.72,0.169678918465909,-6.0,0.22,128.0,0.85,0.09,0.44,3.9829545454545454,68
127,Wide Awake,Katy Perry,2012,221.0,0.15755304715909085,0.51,0.169678918465909,-5.0,0.39,160.0,0.68,0.04,0.5700000000000001,3.9829545454545454,68
128,The One That Got Away,Katy Perry,2012,227.0,0.15755304715909085,0.6900000000000001,0.169678918465909,-4.0,0.16,134.0,0.8,0.04,0.88,3.9829545454545454,67
129,Dance Again,Jennifer Lopez,2012,237.0,0.15755304715909085,0.79,0.169678918465909,-5.0,0.1,128.0,0.86,0.07,0.71,3.9829545454545454,66
130,Turn Up the Music,Chris Brown,2012,228.0,0.15755304715909085,0.59,0.169678918465909,-6.0,0.16,130.0,0.84,0.1,0.64,3.9829545454545454,65
131,Lights - Single Version,Ellie Goulding,2012,211.0,0.15755304715909085,0.68,0.169678918465909,-6.0,0.13,120.0,0.8,0.04,0.78,3.9829545454545454,65
132,We Are Young (feat. Janelle Monáe),fun.,2012,251.0,0.0246,0.38,0.852,-6.0,0.08,184.0,0.64,0.08,0.74,4.0,63
133,Diamonds,Rihanna,2012,225.0,0.15755304715909085,0.56,0.169678918465909,-5.0,0.11,92.0,0.71,0.05,0.39,3.9829545454545454,61
134,Don't Stop the Party (feat. TJR),Pitbull,2012,206.0,0.00137,0.72,0.882,-4.0,0.38,127.0,0.96,0.09,0.95,4.0,59
135,You Da One,Rihanna,2012,200.0,0.15755304715909085,0.7000000000000001,0.169678918465909,-5.0,0.13,127.0,0.72,0.04,0.86,3.9829545454545454,57
136,Stereo Hearts (feat. Adam Levine),Gym Class Heroes,2012,211.0,0.0247,0.65,0.0,-3.0,0.27,90.0,0.8,0.1,0.8,4.0,54
137,It Will Rain,Bruno Mars,2012,258.0,0.15755304715909085,0.58,0.169678918465909,-7.0,0.08,150.0,0.84,0.05,0.48,3.9829545454545454,38
138,Blow Me (One Last Kiss),P!nk,2012,256.0,2.660000000000001e-05,0.6,0.922,-3.0,0.25,114.0,0.92,0.04,0.75,4.0,0
139,Underneath the Tree,Kelly Clarkson,2013,230.0,0.15755304715909085,0.51,0.169678918465909,-5.0,0.21,160.0,0.81,0.05,0.6900000000000001,3.9829545454545454,88
140,Wake Me Up,Avicii,2013,247.0,0.00275,0.53,0.193,-6.0,0.16,124.0,0.78,0.05,0.64,4.0,85
141,Story of My Life,One Direction,2013,245.0,0.15755304715909085,0.6,0.169678918465909,-6.0,0.12,121.0,0.66,0.05,0.29,3.9829545454545454,81
142,Just Give Me a Reason (feat. Nate Ruess),P!nk,2013,243.0,0.982,0.78,0.8540000000000001,-7.0,0.13,95.0,0.55,0.05,0.44,4.0,81
143,Hall of Fame,The Script,2013,203.0,0.0685,0.42,0.0,-4.0,0.12,85.0,0.87,0.06,0.63,4.0,80
144,Roar,Katy Perry,2013,224.0,0.15755304715909085,0.55,0.169678918465909,-5.0,0.35000000000000003,180.0,0.77,0.04,0.46,3.9829545454545454,78
145,We Can't Stop,Miley Cyrus,2013,231.0,0.15755304715909085,0.61,0.169678918465909,-6.0,0.37,80.0,0.62,0.03,0.48,3.9829545454545454,78
146,Don't You Worry Child - Radio Edit,Swedish House Mafia,2013,213.0,0.15755304715909085,0.61,0.169678918465909,-3.0,0.12,129.0,0.84,0.05,0.44,3.9829545454545454,78
147,Get Lucky (feat. Pharrell Williams & Nile Rodgers) - Radio Edit,Daft Punk,2013,248.0,0.15755304715909085,0.79,0.169678918465909,-9.0,0.1,116.0,0.81,0.04,0.86,3.9829545454545454,77
148,Wrecking Ball,Miley Cyrus,2013,221.0,0.15755304715909085,0.53,0.169678918465909,-6.0,0.11,120.0,0.42,0.03,0.35000000000000003,3.9829545454545454,77
149,Impossible,James Arthur,2013,209.0,0.15755304715909085,0.38,0.169678918465909,-5.0,0.11,170.0,0.7000000000000001,0.09,0.3,3.9829545454545454,77
150,Blurred Lines,Robin Thicke,2013,264.0,0.15755304715909085,0.85,0.169678918465909,-5.0,0.08,120.0,0.6,0.04,0.84,3.9829545454545454,76
151,Heart Attack,Demi Lovato,2013,211.0,0.15755304715909085,0.5,0.169678918465909,-5.0,0.24,174.0,0.79,0.1,0.5,3.9829545454545454,76
152,We Are Never Ever Getting Back Together,Taylor Swift,2013,193.0,0.15755304715909085,0.63,0.169678918465909,-6.0,0.12,86.0,0.68,0.09,0.75,3.9829545454545454,75
153,Die Young,Kesha,2013,212.0,0.15755304715909085,0.71,0.169678918465909,-5.0,0.22,128.0,0.7000000000000001,0.05,0.8,3.9829545454545454,75
154,Clarity,Zedd,2013,271.0,0.615,0.51,0.0,-3.0,0.07,128.0,0.78,0.07,0.18,4.0,75
155,Summertime Sadness (Lana Del Rey Vs. Cedric Gervais) - Cedric Gervais Remix,Lana Del Rey,2013,215.0,0.15755304715909085,0.5700000000000001,0.169678918465909,-6.0,0.13,126.0,0.81,0.06,0.11,3.9829545454545454,74
156,Under Control,Calvin Harris,2013,184.0,0.15755304715909085,0.54,0.169678918465909,-3.0,0.12,126.0,0.92,0.08,0.51,3.9829545454545454,74
157,Everybody Talks,Neon Trees,2013,177.0,0.15755304715909085,0.47,0.169678918465909,-4.0,0.31,155.0,0.92,0.06,0.73,3.9829545454545454,74
158,"Hold On, We're Going Home",Drake,2013,228.0,0.15755304715909085,0.77,0.169678918465909,-7.0,0.07,100.0,0.41,0.1,0.29,3.9829545454545454,73
159,Best Song Ever,One Direction,2013,200.0,0.0345,0.65,0.0,-3.0,0.08,118.0,0.88,0.05,0.49,4.0,73
160,Kiss You,One Direction,2013,183.0,0.15755304715909085,0.63,0.169678918465909,-3.0,0.32,90.0,0.93,0.06,0.91,3.9829545454545454,73
161,Sweet Nothing (feat. Florence Welch),Calvin Harris,2013,213.0,0.00468,0.5700000000000001,0.619,-4.0,0.06,128.0,0.93,0.11,0.58,4.0,72
162,Lose Yourself to Dance,Daft Punk,2013,354.0,0.0839,0.8300000000000001,0.00114,-8.0,0.08,100.0,0.66,0.06,0.67,4.0,72
163,Work Bitch,Britney Spears,2013,248.0,0.15755304715909085,0.63,0.169678918465909,-7.0,0.07,128.0,0.8200000000000001,0.16,0.85,3.9829545454545454,71
164,Brave,Sara Bareilles,2013,221.0,0.15755304715909085,0.55,0.169678918465909,-4.0,0.04,185.0,0.84,0.05,0.76,3.9829545454545454,71
165,Can't Hold Us (feat. Ray Dalton),Macklemore & Ryan Lewis,2013,258.0,0.00193,0.63,0.31,-4.0,0.1,146.0,0.93,0.08,0.88,4.0,70
166,Feel This Moment (feat. Christina Aguilera),Pitbull,2013,230.0,0.0137,0.67,0.6509999999999999,-4.0,0.34,136.0,0.76,0.16,0.54,4.0,70
167,Beneath Your Beautiful,Labrinth,2013,272.0,0.15755304715909085,0.56,0.169678918465909,-6.0,0.1,84.0,0.52,0.04,0.23,3.9829545454545454,70
168,Let Me Love You (Until You Learn To Love Yourself),Ne-Yo,2013,252.0,0.098,0.66,0.0,-7.0,0.37,125.0,0.68,0.04,0.25,4.0,70
169,Thrift Shop (feat. Wanz),Macklemore & Ryan Lewis,2013,236.0,0.0619,0.78,0.0,-7.0,0.05,95.0,0.53,0.29,0.66,4.0,69
170,If I Lose Myself - Alesso vs OneRepublic,OneRepublic,2013,215.0,0.15755304715909085,0.52,0.169678918465909,-6.0,0.14,126.0,0.75,0.04,0.16,3.9829545454545454,69
171,The Way,Ariana Grande,2013,227.0,0.15755304715909085,0.65,0.169678918465909,-3.0,0.08,82.0,0.88,0.11,0.86,3.9829545454545454,68
172,Suit & Tie,Justin Timberlake,2013,326.0,0.15755304715909085,0.8,0.169678918465909,-4.0,0.16,102.0,0.6,0.22,0.36,3.9829545454545454,68
173,#thatPOWER,will.i.am,2013,280.0,0.15755304715909085,0.8,0.169678918465909,-6.0,0.07,128.0,0.61,0.06,0.4,3.9829545454545454,68
174,I Love It (feat. Charli XCX),Icona Pop,2013,157.0,0.0271,0.71,0.941,-3.0,0.15,126.0,0.91,0.03,0.8200000000000001,4.0,67
175,Play Hard (feat. Ne-Yo & Akon) - New Edit,David Guetta,2013,209.0,0.15755304715909085,0.72,0.169678918465909,-3.0,0.66,130.0,0.87,0.04,0.68,3.9829545454545454,67
176,Daylight,Maroon 5,2013,225.0,0.15755304715909085,0.66,0.169678918465909,-5.0,0.26,120.0,0.67,0.03,0.37,3.9829545454545454,66
177,Love Somebody,Maroon 5,2013,230.0,0.15755304715909085,0.68,0.169678918465909,-6.0,0.12,120.0,0.78,0.04,0.4,3.9829545454545454,65
178,A Little Party Never Killed Nobody (All We Got),Fergie,2013,241.0,0.0146,0.76,0.0706,-6.0,0.09,130.0,0.62,0.18,0.52,4.0,65
179,Move,Little Mix,2013,224.0,0.15755304715909085,0.85,0.169678918465909,-5.0,0.55,121.0,0.74,0.09,0.77,3.9829545454545454,63
180,Walks Like Rihanna,The Wanted,2013,202.0,0.15755304715909085,0.56,0.169678918465909,-3.0,0.1,126.0,0.8200000000000001,0.06,0.43,3.9829545454545454,62
181,Rock N Roll,Avril Lavigne,2013,207.0,0.15755304715909085,0.47,0.169678918465909,-3.0,0.34,184.0,0.96,0.13,0.67,3.9829545454545454,61
182,Heartbreaker,Justin Bieber,2013,263.0,0.15755304715909085,0.56,0.169678918465909,-7.0,0.34,105.0,0.52,0.1,0.58,3.9829545454545454,61
183,Mirrors - Radio Edit,Justin Timberlake,2013,277.0,0.15755304715909085,0.58,0.169678918465909,-6.0,0.43,77.0,0.6,0.05,0.65,3.9829545454545454,60
184,Next To Me,Emeli Sandé,2013,197.0,0.15755304715909085,0.67,0.169678918465909,-5.0,0.11,95.0,0.8,0.04,0.35000000000000003,3.9829545454545454,60
185,Made In The USA,Demi Lovato,2013,196.0,0.15755304715909085,0.58,0.169678918465909,-4.0,0.32,87.0,0.86,0.04,0.59,3.9829545454545454,60
186,Clown,Emeli Sandé,2013,221.0,0.15755304715909085,0.45,0.169678918465909,-8.0,0.11,130.0,0.23,0.04,0.23,3.9829545454545454,60
187,Girl On Fire (feat. Nicki Minaj) - Inferno Version,Alicia Keys,2013,271.0,0.15755304715909085,0.55,0.169678918465909,-6.0,0.15,93.0,0.81,0.31,0.34,3.9829545454545454,59
188,TKO,Justin Timberlake,2013,424.0,0.15755304715909085,0.61,0.169678918465909,-7.0,0.43,138.0,0.68,0.24,0.49,3.9829545454545454,58
189,Come & Get It,Selena Gomez,2013,232.0,0.15755304715909085,0.55,0.169678918465909,-4.0,0.1,80.0,0.79,0.05,0.58,3.9829545454545454,57
190,Live It Up,Jennifer Lopez,2013,244.0,0.15755304715909085,0.6900000000000001,0.169678918465909,-5.0,0.33,128.0,0.73,0.17,0.65,3.9829545454545454,57
191,We Own The Night,The Wanted,2013,206.0,0.0141,0.55,0.0083,-4.0,0.23,104.0,0.94,0.13,0.56,4.0,56
192,Atlas - From The Hunger Games: Catching Fire Soundtrack,Coldplay,2013,236.0,0.15755304715909085,0.28,0.169678918465909,-8.0,0.11,136.0,0.45,0.03,0.11,3.9829545454545454,55
193,What About Love,Austin Mahone,2013,203.0,0.15755304715909085,0.63,0.169678918465909,-7.0,0.04,100.0,0.78,0.04,0.28,3.9829545454545454,54
194,Take Back the Night,Justin Timberlake,2013,353.0,0.15755304715909085,0.59,0.169678918465909,-5.0,0.64,107.0,0.66,0.16,0.33,3.9829545454545454,54
195,Applause,Lady Gaga,2013,212.0,0.15755304715909085,0.67,0.169678918465909,-4.0,0.11,140.0,0.78,0.05,0.73,3.9829545454545454,52
196,Anything Could Happen,Ellie Goulding,2013,286.0,0.15755304715909085,0.7000000000000001,0.169678918465909,-4.0,0.14,103.0,0.78,0.03,0.38,3.9829545454545454,52
197,Finally Found You,Enrique Iglesias,2013,221.0,0.15755304715909085,0.62,0.169678918465909,-5.0,0.35000000000000003,128.0,0.88,0.1,0.66,3.9829545454545454,52
198,Pom Poms,Jonas Brothers,2013,198.0,0.15755304715909085,0.68,0.169678918465909,-2.0,0.28,148.0,0.98,0.09,0.9,3.9829545454545454,52
199,#Beautiful,Mariah Carey,2013,200.0,0.15755304715909085,0.68,0.169678918465909,-5.0,0.31,107.0,0.76,0.04,0.45,3.9829545454545454,51
200,How Ya Doin'? (feat. Missy Elliott),Little Mix,2013,211.0,0.0012900000000000001,0.36,0.902,-3.0,0.37,201.0,0.95,0.48,0.51,4.0,50
201,Crazy Kids (feat. will.i.am),Kesha,2013,229.0,0.0379,0.72,0.00011,-4.0,0.13,128.0,0.75,0.04,0.5,4.0,46
202,"Ooh La La (from ""The Smurfs 2"")",Britney Spears,2013,257.0,0.0165,0.6900000000000001,6.98e-06,-5.0,0.11,128.0,0.5700000000000001,0.05,0.73,4.0,45
203,People Like Us,Kelly Clarkson,2013,259.0,0.15755304715909085,0.6,0.169678918465909,-5.0,0.36,128.0,0.79,0.04,0.61,3.9829545454545454,45
204,Overdose,Ciara,2013,227.0,0.15755304715909085,0.77,0.169678918465909,-6.0,0.06,107.0,0.7000000000000001,0.03,0.79,3.9829545454545454,43
205,Right Now - Dyro Radio Edit,Rihanna,2013,186.0,0.15755304715909085,0.53,0.169678918465909,-6.0,0.24,130.0,0.74,0.04,0.45,3.9829545454545454,42
206,Give It 2 U,Robin Thicke,2013,230.0,0.15755304715909085,0.67,0.169678918465909,-4.0,0.16,127.0,0.8300000000000001,0.07,0.58,3.9829545454545454,41
207,Foolish Games,Jewel,2013,250.0,0.15755304715909085,0.51,0.169678918465909,-11.0,0.12,132.0,0.34,0.03,0.07,3.9829545454545454,36
208,Outta Nowhere (feat. Danny Mercer),Pitbull,2013,207.0,0.0328,0.71,0.868,-4.0,0.21,95.0,0.84,0.03,0.66,4.0,35
209,Freak,Kelly Rowland,2013,274.0,0.15755304715909085,0.65,0.169678918465909,-5.0,0.12,104.0,0.78,0.06,0.45,3.9829545454545454,28
210,All of Me,John Legend,2014,270.0,0.15755304715909085,0.42,0.169678918465909,-7.0,0.13,120.0,0.26,0.03,0.33,3.9829545454545454,86
211,Stay With Me,Sam Smith,2014,173.0,0.15755304715909085,0.42,0.169678918465909,-6.0,0.11,84.0,0.42,0.04,0.18,3.9829545454545454,85
212,Summer,Calvin Harris,2014,223.0,0.15755304715909085,0.6,0.169678918465909,-4.0,0.14,128.0,0.86,0.03,0.74,3.9829545454545454,80
213,"Happy - From ""Despicable Me 2""",Pharrell Williams,2014,233.0,0.21899999999999997,0.65,0.0,-5.0,0.09,160.0,0.8200000000000001,0.18,0.96,4.0,79
214,Rude,MAGIC!,2014,225.0,0.15755304715909085,0.77,0.169678918465909,-5.0,0.31,144.0,0.76,0.04,0.93,3.9829545454545454,79
215,Shake It Off,Taylor Swift,2014,219.0,0.15755304715909085,0.65,0.169678918465909,-5.0,0.33,160.0,0.8,0.17,0.94,3.9829545454545454,78
216,Dark Horse,Katy Perry,2014,216.0,0.15755304715909085,0.65,0.169678918465909,-6.0,0.17,132.0,0.59,0.05,0.35000000000000003,3.9829545454545454,78
217,Hey Brother,Avicii,2014,255.0,0.0204,0.55,0.0888,-5.0,0.08,125.0,0.78,0.04,0.46,4.0,78
218,Maps,Maroon 5,2014,190.0,0.15755304715909085,0.74,0.169678918465909,-6.0,0.06,120.0,0.71,0.03,0.88,3.9829545454545454,78
219,Treasure,Bruno Mars,2014,179.0,0.15755304715909085,0.87,0.169678918465909,-5.0,0.32,116.0,0.6900000000000001,0.04,0.94,3.9829545454545454,77
220,Let Her Go,Passenger,2014,253.0,0.15755304715909085,0.51,0.169678918465909,-7.0,0.1,75.0,0.54,0.06,0.24,3.9829545454545454,77
221,Problem,Ariana Grande,2014,194.0,0.15755304715909085,0.66,0.169678918465909,-5.0,0.16,103.0,0.81,0.15,0.63,3.9829545454545454,75
222,Pompeii,Bastille,2014,214.0,0.15755304715909085,0.68,0.169678918465909,-6.0,0.27,127.0,0.72,0.04,0.5700000000000001,3.9829545454545454,73
223,Team,Lorde,2014,193.0,0.15755304715909085,0.6900000000000001,0.169678918465909,-7.0,0.31,100.0,0.58,0.09,0.42,3.9829545454545454,73
224,Love Me Again,John Newman,2014,240.0,0.15755304715909085,0.5,0.169678918465909,-5.0,0.1,126.0,0.89,0.04,0.21,3.9829545454545454,73
225,Latch,Disclosure,2014,256.0,0.15755304715909085,0.5,0.169678918465909,-5.0,0.09,122.0,0.73,0.17,0.52,3.9829545454545454,72
226,Adore You,Miley Cyrus,2014,279.0,0.15755304715909085,0.58,0.169678918465909,-5.0,0.11,120.0,0.66,0.03,0.2,3.9829545454545454,72
227,Love Never Felt So Good,Michael Jackson,2014,246.0,0.15755304715909085,0.78,0.169678918465909,-6.0,0.07,118.0,0.72,0.04,0.71,3.9829545454545454,71
228,Burn,Ellie Goulding,2014,231.0,0.15755304715909085,0.56,0.169678918465909,-5.0,0.11,87.0,0.78,0.04,0.33,3.9829545454545454,71
229,She Looks So Perfect,5 Seconds of Summer,2014,202.0,0.000463,0.49,0.631,-4.0,0.33,160.0,0.95,0.13,0.44,4.0,71
230,Fancy,Iggy Azalea,2014,200.0,0.15755304715909085,0.91,0.169678918465909,-4.0,0.05,95.0,0.72,0.07,0.38,3.9829545454545454,70
231,Talk Dirty (feat. 2 Chainz),Jason Derulo,2014,178.0,0.00783,0.76,0.892,-7.0,0.31,100.0,0.65,0.23,0.76,4.0,68
232,Gorilla,Bruno Mars,2014,244.0,0.15755304715909085,0.72,0.169678918465909,-7.0,0.1,140.0,0.54,0.04,0.64,3.9829545454545454,68
233,human,Christina Perri,2014,251.0,0.15755304715909085,0.44,0.169678918465909,-6.0,0.11,144.0,0.49,0.04,0.25,3.9829545454545454,68
234,Young Girls,Bruno Mars,2014,229.0,0.15755304715909085,0.56,0.169678918465909,-5.0,0.21,126.0,0.75,0.03,0.5,3.9829545454545454,67
235,Wiggle (feat. Snoop Dogg),Jason Derulo,2014,193.0,0.0802,0.7000000000000001,0.0,-7.0,0.16,82.0,0.62,0.25,0.72,4.0,67
236,Love Runs Out,OneRepublic,2014,225.0,0.15755304715909085,0.72,0.169678918465909,-4.0,0.08,120.0,0.93,0.06,0.74,3.9829545454545454,66
237,This Is How We Do,Katy Perry,2014,204.0,0.15755304715909085,0.6900000000000001,0.169678918465909,-6.0,0.15,96.0,0.64,0.05,0.8,3.9829545454545454,66
238,Mmm Yeah (feat. Pitbull),Austin Mahone,2014,232.0,0.00266,0.71,1.9e-06,-4.0,0.27,126.0,0.92,0.04,0.98,4.0,65
239,A Little Party Never Killed Nobody (All We Got),Fergie,2014,241.0,0.0146,0.76,0.0706,-6.0,0.09,130.0,0.62,0.18,0.52,4.0,65
240,#SELFIE,The Chainsmokers,2014,184.0,0.15755304715909085,0.79,0.169678918465909,-3.0,0.08,128.0,0.92,0.25,0.66,3.9829545454545454,65
241,Partition,Beyoncé,2014,319.0,0.15755304715909085,0.41,0.169678918465909,-12.0,0.31,186.0,0.44,0.29,0.17,3.9829545454545454,65
242,Birthday,Katy Perry,2014,215.0,0.15755304715909085,0.72,0.169678918465909,-5.0,0.11,126.0,0.67,0.07,0.84,3.9829545454545454,65
243,G.U.Y.,Lady Gaga,2014,233.0,0.201,0.62,0.0,-3.0,0.12,110.0,0.92,0.04,0.5700000000000001,4.0,65
244,Stay The Night - Featuring Hayley Williams Of Paramore,Zedd,2014,217.0,0.00912,0.6,0.0,-3.0,0.09,128.0,0.74,0.04,0.46,4.0,64
245,"Let It Go - From ""Frozen / Single Version",Demi Lovato,2014,226.0,0.15755304715909085,0.5,0.169678918465909,-6.0,0.27,140.0,0.66,0.04,0.25,3.9829545454545454,63
246,Wings,Birdy,2014,252.0,0.15755304715909085,0.47,0.169678918465909,-5.0,0.16,83.0,0.71,0.03,0.22,3.9829545454545454,62
247,Can't Remember to Forget You (feat. Rihanna),Shakira,2014,207.0,0.79,0.6900000000000001,0.899,-4.0,0.14,138.0,0.81,0.07,0.8200000000000001,4.0,62
248,Shot Me Down (feat. Skylar Grey) - Radio Edit,David Guetta,2014,191.0,0.15755304715909085,0.35000000000000003,0.169678918465909,-4.0,0.12,192.0,0.77,0.05,0.04,3.9829545454545454,61
249,Say Something,A Great Big World,2014,229.0,0.15755304715909085,0.45,0.169678918465909,-9.0,0.09,138.0,0.15,0.03,0.09,3.9829545454545454,61
250,A Sky Full of Stars,Coldplay,2014,268.0,0.15755304715909085,0.55,0.169678918465909,-6.0,0.21,125.0,0.68,0.03,0.16,3.9829545454545454,60
251,Come Get It Bae,Pharrell Williams,2014,202.0,0.15755304715909085,0.93,0.169678918465909,-6.0,0.1,120.0,0.8,0.08,0.9,3.9829545454545454,59
252,Chandelier,Sia,2014,216.0,0.494,0.29,0.929,-3.0,0.07,174.0,0.78,0.07,0.62,4.0,56
253,XO,Beyoncé,2014,216.0,0.15755304715909085,0.47,0.169678918465909,-9.0,0.31,170.0,0.79,0.26,0.21,3.9829545454545454,56
254,We Are One (Ole Ola) [The Official 2014 FIFA World Cup Song],Pitbull,2014,222.0,0.00461,0.6,0.0674,-4.0,0.1,125.0,0.94,0.07,0.55,4.0,56
255,Not About Angels,Birdy,2014,190.0,0.15755304715909085,0.41,0.169678918465909,-10.0,0.09,116.0,0.14,0.04,0.23,3.9829545454545454,56
256,Drunk in Love,Beyoncé,2014,323.0,0.15755304715909085,0.59,0.169678918465909,-7.0,0.18,140.0,0.62,0.05,0.4,3.9829545454545454,52
257,Anaconda,Nicki Minaj,2014,260.0,0.15755304715909085,0.96,0.169678918465909,-6.0,0.21,130.0,0.6,0.18,0.65,3.9829545454545454,50
258,Boom Clap - From the Motion Picture Das Schicksal ist ein mieser Verräter,Charli XCX,2014,169.0,0.15755304715909085,0.68,0.169678918465909,-4.0,0.34,92.0,0.81,0.06,0.64,3.9829545454545454,50
259,La La La (Brasil 2014) (feat. Carlinhos Brown),Shakira,2014,198.0,0.15755304715909085,0.8,0.169678918465909,-5.0,0.35000000000000003,128.0,0.8200000000000001,0.04,0.61,3.9829545454545454,50
260,Tee Shirt - Soundtrack Version,Birdy,2014,160.0,0.15755304715909085,0.68,0.169678918465909,-9.0,0.09,76.0,0.34,0.03,0.56,3.9829545454545454,49
261,Words as Weapons,Birdy,2014,239.0,0.15755304715909085,0.53,0.169678918465909,-9.0,0.14,120.0,0.35000000000000003,0.03,0.19,3.9829545454545454,44
262,You're Mine (Eternal),Mariah Carey,2014,224.0,0.43,0.63,0.0,-7.0,0.38,149.0,0.58,0.07,0.56,4.0,38
263,Sheezus,Lily Allen,2014,235.0,0.15755304715909085,0.78,0.169678918465909,-7.0,0.11,130.0,0.5,0.04,0.39,3.9829545454545454,37
264,Cannonball,Lea Michele,2014,215.0,0.15755304715909085,0.56,0.169678918465909,-3.0,0.19,92.0,0.8200000000000001,0.05,0.5700000000000001,3.9829545454545454,37
265,It's On Again - Main Soundtrack,Alicia Keys,2014,230.0,0.15755304715909085,0.64,0.169678918465909,-9.0,0.25,110.0,0.54,0.11,0.53,3.9829545454545454,30
266,I Luh Ya Papi,Jennifer Lopez,2014,207.0,0.15755304715909085,0.74,0.169678918465909,-6.0,0.12,96.0,0.73,0.42,0.59,3.9829545454545454,28
267,Not a Bad Thing,Justin Timberlake,2014,266.0,0.15755304715909085,0.59,0.169678918465909,-6.0,0.38,86.0,0.73,0.06,0.46,3.9829545454545454,0
268,Thinking out Loud,Ed Sheeran,2015,282.0,0.474,0.78,0.0,-6.0,0.18,79.0,0.45,0.03,0.59,4.0,84
269,I'm Not The Only One,Sam Smith,2015,239.0,0.15755304715909085,0.68,0.169678918465909,-6.0,0.08,82.0,0.49,0.04,0.49,3.9829545454545454,84
270,The Hills,The Weeknd,2015,242.0,0.0673,0.58,0.0,-7.0,0.14,113.0,0.56,0.05,0.14,4.0,84
271,Love Yourself,Justin Bieber,2015,234.0,0.48200000000000004,0.61,0.0,-10.0,0.28,100.0,0.38,0.44,0.52,4.0,83
272,Uptown Funk,Mark Ronson,2015,270.0,0.15755304715909085,0.86,0.169678918465909,-7.0,0.03,115.0,0.61,0.08,0.93,3.9829545454545454,82
273,Take Me To Church,Hozier,2015,242.0,0.738,0.5700000000000001,0.0,-5.0,0.12,129.0,0.66,0.05,0.44,3.0,81
274,Sugar,Maroon 5,2015,235.0,0.15755304715909085,0.75,0.169678918465909,-7.0,0.09,120.0,0.79,0.03,0.88,3.9829545454545454,81
275,Sorry,Justin Bieber,2015,201.0,0.348,0.65,0.132,-4.0,0.3,100.0,0.76,0.05,0.41,4.0,81
276,FourFiveSeconds,Rihanna,2015,188.0,0.15755304715909085,0.58,0.169678918465909,-6.0,0.13,206.0,0.27,0.05,0.35000000000000003,3.9829545454545454,80
277,"Love Me Like You Do - From ""Fifty Shades Of Grey""",Ellie Goulding,2015,253.0,0.247,0.26,0.0,-7.0,0.13,190.0,0.61,0.05,0.28,4.0,79
278,"Earned It (Fifty Shades Of Grey) - From The ""Fifty Shades Of Grey"" Soundtrack",The Weeknd,2015,252.0,0.15755304715909085,0.66,0.169678918465909,-6.0,0.1,120.0,0.38,0.03,0.44,3.9829545454545454,79
279,What Do You Mean?,Justin Bieber,2015,206.0,0.59,0.85,0.0014199999999999998,-8.0,0.08,125.0,0.5700000000000001,0.1,0.79,4.0,79
280,Stitches,Shawn Mendes,2015,207.0,0.15755304715909085,0.75,0.169678918465909,-7.0,0.05,150.0,0.75,0.07,0.76,3.9829545454545454,78
281,Want to Want Me,Jason Derulo,2015,208.0,0.15755304715909085,0.78,0.169678918465909,-6.0,0.11,114.0,0.68,0.06,0.66,3.9829545454545454,77
282,My House,Flo Rida,2015,192.0,0.000133,0.6900000000000001,0.24600000000000002,-5.0,0.13,94.0,0.7000000000000001,0.05,0.74,4.0,77
283,Waves - Robin Schulz Radio Edit,Mr. Probz,2015,208.0,0.00821,0.8300000000000001,0.0014,-9.0,0.08,120.0,0.51,0.04,0.45,4.0,77
284,Night Changes,One Direction,2015,227.0,0.8590000000000001,0.67,0.0,-8.0,0.12,120.0,0.52,0.04,0.37,4.0,77
285,How Deep Is Your Love,Calvin Harris,2015,213.0,0.00426,0.74,0.015,-4.0,0.39,122.0,0.87,0.07,0.34,4.0,77
286,Never Forget You,Zara Larsson,2015,213.0,0.15755304715909085,0.58,0.169678918465909,-6.0,0.27,146.0,0.73,0.05,0.28,3.9829545454545454,77
287,Love Me Harder,Ariana Grande,2015,236.0,0.15755304715909085,0.47,0.169678918465909,-4.0,0.08,99.0,0.71,0.03,0.24,3.9829545454545454,76
288,Animals,Maroon 5,2015,231.0,0.15755304715909085,0.28,0.169678918465909,-6.0,0.59,190.0,0.74,0.09,0.33,3.9829545454545454,76
289,Blame,Calvin Harris,2015,213.0,0.15755304715909085,0.41,0.169678918465909,-4.0,0.34,128.0,0.86,0.08,0.35000000000000003,3.9829545454545454,76
290,Worth It,Fifth Harmony,2015,225.0,0.15755304715909085,0.88,0.169678918465909,-4.0,0.12,100.0,0.77,0.09,0.59,3.9829545454545454,75
291,Break Free,Ariana Grande,2015,215.0,0.15755304715909085,0.6900000000000001,0.169678918465909,-5.0,0.2,130.0,0.7000000000000001,0.05,0.28,3.9829545454545454,75
292,Don't,Ed Sheeran,2015,220.0,0.0112,0.81,0.14800000000000002,-7.0,0.64,95.0,0.61,0.07,0.85,4.0,74
293,Elastic Heart,Sia,2015,257.0,0.903,0.42,0.0,-5.0,0.15,130.0,0.79,0.05,0.5,4.0,73
294,Rather Be (feat. Jess Glynne),Clean Bandit,2015,228.0,0.0075299999999999985,0.8,0.10099999999999999,-7.0,0.19,121.0,0.59,0.04,0.55,4.0,73
295,Hello,Adele,2015,295.0,0.29100000000000004,0.48,0.00015800000000000002,-6.0,0.09,158.0,0.45,0.03,0.29,4.0,73
296,Dear Future Husband,Meghan Trainor,2015,184.0,0.15755304715909085,0.66,0.169678918465909,-5.0,0.32,79.0,0.78,0.19,0.8300000000000001,3.9829545454545454,72
297,43776,Beyoncé,2015,214.0,0.15755304715909085,0.75,0.169678918465909,-5.0,0.13,136.0,0.71,0.13,0.56,3.9829545454545454,72
298,The Heart Wants What It Wants,Selena Gomez,2015,227.0,0.15755304715909085,0.62,0.169678918465909,-5.0,0.14,83.0,0.79,0.04,0.62,3.9829545454545454,72
299,"Hey Mama (feat. Nicki Minaj, Bebe Rexha & Afrojack)",David Guetta,2015,193.0,0.308,0.6,0.7809999999999999,-4.0,0.33,86.0,0.73,0.15,0.53,4.0,72
300,Genie In a Bottle,Christina Aguilera,2015,218.0,0.15755304715909085,0.63,0.169678918465909,-7.0,0.14,176.0,0.8,0.16,0.91,3.9829545454545454,72
301,Company,Justin Bieber,2015,208.0,0.15755304715909085,0.59,0.169678918465909,-5.0,0.08,95.0,0.8,0.06,0.43,3.9829545454545454,72
302,Sing,Ed Sheeran,2015,235.0,0.15755304715909085,0.8200000000000001,0.169678918465909,-4.0,0.06,120.0,0.67,0.05,0.94,3.9829545454545454,71
303,Jealous - Remix,Nick Jonas,2015,222.0,0.15755304715909085,0.68,0.169678918465909,-4.0,0.44,93.0,0.71,0.08,0.45,3.9829545454545454,70
304,Really Don't Care,Demi Lovato,2015,202.0,0.0104,0.71,1.11e-05,-4.0,0.19,121.0,0.73,0.09,0.85,4.0,70
305,"Downtown (feat. Melle Mel, Grandmaster Caz, Kool Moe Dee & Eric Nally)",Macklemore & Ryan Lewis,2015,293.0,0.00461,0.8300000000000001,0.823,-4.0,0.29,110.0,0.61,0.07,0.71,4.0,70
306,Only Love Can Hurt Like This,Paloma Faith,2015,233.0,0.15755304715909085,0.5700000000000001,0.169678918465909,-5.0,0.33,91.0,0.89,0.08,0.31,3.9829545454545454,69
307,Heartbeat Song,Kelly Clarkson,2015,199.0,0.15755304715909085,0.49,0.169678918465909,-4.0,0.06,149.0,0.8,0.05,0.48,3.9829545454545454,69
308,Up,Olly Murs,2015,224.0,0.15755304715909085,0.6900000000000001,0.169678918465909,-5.0,0.1,115.0,0.85,0.03,0.64,3.9829545454545454,69
309,Trumpets,Jason Derulo,2015,217.0,0.15755304715909085,0.63,0.169678918465909,-5.0,0.1,82.0,0.7000000000000001,0.24,0.64,3.9829545454545454,69
310,Runnin' (Lose It All),Naughty Boy,2015,213.0,0.0103,0.32,4.11e-05,-6.0,0.48,139.0,0.85,0.08,0.08,4.0,69
311,Same Old Love,Selena Gomez,2015,229.0,0.15755304715909085,0.67,0.169678918465909,-4.0,0.21,98.0,0.59,0.03,0.44,3.9829545454545454,69
312,I Want You To Know,Zedd,2015,240.0,0.15755304715909085,0.58,0.169678918465909,-3.0,0.14,130.0,0.85,0.06,0.37,3.9829545454545454,68
313,Lips Are Movin,Meghan Trainor,2015,183.0,0.15755304715909085,0.78,0.169678918465909,-5.0,0.11,139.0,0.8300000000000001,0.05,0.95,3.9829545454545454,68
314,I'll Show You,Justin Bieber,2015,200.0,0.15755304715909085,0.36,0.169678918465909,-7.0,0.18,192.0,0.61,0.1,0.08,3.9829545454545454,68
315,Here,Alessia Cara,2015,199.0,0.15755304715909085,0.38,0.169678918465909,-4.0,0.08,120.0,0.8200000000000001,0.1,0.33,3.9829545454545454,68
316,I Lived,OneRepublic,2015,235.0,0.15755304715909085,0.59,0.169678918465909,-5.0,0.27,120.0,0.85,0.04,0.34,3.9829545454545454,67
317,Fireball (feat. John Ryan),Pitbull,2015,235.0,0.0894,0.6900000000000001,0.00010400000000000001,-5.0,0.05,123.0,0.94,0.06,0.79,4.0,67
318,Easy Love,Sigala,2015,230.0,0.15755304715909085,0.68,0.169678918465909,-4.0,0.12,124.0,0.94,0.06,0.65,3.9829545454545454,67
319,The Feeling,Justin Bieber,2015,245.0,0.15755304715909085,0.53,0.169678918465909,-6.0,0.1,127.0,0.81,0.06,0.21,3.9829545454545454,67
320,I Really Like You,Carly Rae Jepsen,2015,205.0,0.15755304715909085,0.62,0.169678918465909,-5.0,0.22,122.0,0.81,0.04,0.6,3.9829545454545454,66
321,BO$$,Fifth Harmony,2015,171.0,0.00621,0.81,0.0,-5.0,0.05,103.0,0.87,0.11,0.74,4.0,66
322,Sugar,Maroon 5,2015,235.0,0.15755304715909085,0.75,0.169678918465909,-7.0,0.09,120.0,0.79,0.03,0.88,3.9829545454545454,66
323,Focus,Ariana Grande,2015,211.0,0.15755304715909085,0.67,0.169678918465909,-6.0,0.44,100.0,0.88,0.24,0.79,3.9829545454545454,66
324,All About That Bass,Meghan Trainor,2015,189.0,0.15755304715909085,0.81,0.169678918465909,-4.0,0.11,134.0,0.88,0.05,0.96,3.9829545454545454,65
325,On My Mind,Ellie Goulding,2015,213.0,0.15755304715909085,0.7000000000000001,0.169678918465909,-7.0,0.09,155.0,0.71,0.05,0.74,3.9829545454545454,65
326,Love Me Like You,Little Mix,2015,198.0,0.15755304715909085,0.79,0.169678918465909,-4.0,0.28,106.0,0.67,0.04,0.85,3.9829545454545454,65
327,Broken Arrows,Avicii,2015,233.0,0.15755304715909085,0.63,0.169678918465909,-7.0,0.1,116.0,0.67,0.05,0.29,3.9829545454545454,65
328,Booty,Jennifer Lopez,2015,210.0,0.15755304715909085,0.71,0.169678918465909,-4.0,0.26,129.0,0.95,0.05,0.4,3.9829545454545454,64
329,What Do You Mean? - Acoustic,Justin Bieber,2015,204.0,0.15755304715909085,0.77,0.169678918465909,-11.0,0.1,125.0,0.36,0.04,0.76,3.9829545454545454,64
330,Mark My Words,Justin Bieber,2015,134.0,0.15755304715909085,0.38,0.169678918465909,-9.0,0.17,114.0,0.26,0.03,0.52,3.9829545454545454,63
331,Lay It All on Me,Rudimental,2015,242.0,0.15755304715909085,0.67,0.169678918465909,-7.0,0.19,123.0,0.75,0.04,0.48,3.9829545454545454,62
332,American Oxygen,Rihanna,2015,320.0,0.15755304715909085,0.39,0.169678918465909,-6.0,0.33,78.0,0.75,0.09,0.48,3.9829545454545454,61
333,Bang Bang,Jessie J,2015,199.0,0.15755304715909085,0.71,0.169678918465909,-4.0,0.38,150.0,0.75,0.09,0.73,3.9829545454545454,61
334,Reality - Radio Edit,Lost Frequencies,2015,159.0,0.15755304715909085,0.71,0.169678918465909,-8.0,0.07,122.0,0.7000000000000001,0.03,0.6,3.9829545454545454,61
335,Alive,Sia,2015,264.0,0.0753,0.51,1.4999999999999999e-05,-4.0,0.11,100.0,0.76,0.05,0.44,4.0,61
336,Sugar (feat. Francesco Yates),Robin Schulz,2015,219.0,0.0185,0.64,0.0,-5.0,0.16,123.0,0.8200000000000001,0.06,0.64,4.0,60
337,Been You,Justin Bieber,2015,199.0,0.15755304715909085,0.74,0.169678918465909,-6.0,0.32,113.0,0.78,0.07,0.86,3.9829545454545454,60
338,Prayer in C - Robin Schulz Radio Edit,Lilly Wood and The Prick,2015,189.0,0.15755304715909085,0.76,0.169678918465909,-5.0,0.62,123.0,0.89,0.03,0.78,3.9829545454545454,58
339,See You Again (feat. Charlie Puth),Wiz Khalifa,2015,230.0,0.445,0.6900000000000001,1.9600000000000002e-05,-8.0,0.06,80.0,0.48,0.08,0.28,4.0,56
340,Heroes (we could be),Alesso,2015,210.0,0.0305,0.52,0.0,-4.0,0.24,126.0,0.75,0.06,0.35000000000000003,4.0,56
341,"Feel The Light - From The ""Home"" Soundtrack",Jennifer Lopez,2015,292.0,0.15755304715909085,0.47,0.169678918465909,-6.0,0.09,156.0,0.6,0.05,0.04,3.9829545454545454,55
342,Perfect,One Direction,2015,230.0,0.0342,0.65,0.0,-5.0,0.12,100.0,0.8200000000000001,0.08,0.4,4.0,55
343,Ghosttown,Madonna,2015,250.0,0.15755304715909085,0.54,0.169678918465909,-7.0,0.12,79.0,0.55,0.04,0.09,3.9829545454545454,54
344,Bang My Head (feat. Sia & Fetty Wap),David Guetta,2015,193.0,0.007409999999999998,0.6,0.679,-4.0,0.1,108.0,0.87,0.08,0.59,4.0,54
345,Bloodstream,Ed Sheeran,2015,309.0,0.529,0.48,0.000294,-6.0,0.06,89.0,0.59,0.05,0.27,4.0,52
346,Living For Love,Madonna,2015,219.0,0.15755304715909085,0.67,0.169678918465909,-5.0,0.25,123.0,0.79,0.09,0.39,3.9829545454545454,52
347,Baby Don't Lie,Gwen Stefani,2015,203.0,0.15755304715909085,0.6900000000000001,0.169678918465909,-5.0,0.1,100.0,0.55,0.03,0.26,3.9829545454545454,52
348,Don't Be so Hard on Yourself,Jess Glynne,2015,211.0,0.15755304715909085,0.5700000000000001,0.169678918465909,-3.0,0.16,120.0,0.8200000000000001,0.03,0.66,3.9829545454545454,52
349,Steal My Girl,One Direction,2015,227.0,0.15755304715909085,0.47,0.169678918465909,-6.0,0.14,77.0,0.76,0.04,0.52,3.9829545454545454,51
350,"Celebrate (From the Original Motion Picture ""Penguins of Madagascar"")",Pitbull,2015,193.0,0.0136,0.68,1.4499999999999993e-05,-3.0,0.06,127.0,0.85,0.06,0.93,4.0,50
351,We Are Here,Alicia Keys,2015,285.0,0.15755304715909085,0.64,0.169678918465909,-6.0,0.08,93.0,0.67,0.04,0.08,3.9829545454545454,49
352,St Jude,Florence + The Machine,2015,225.0,0.15755304715909085,0.26,0.169678918465909,-11.0,0.11,117.0,0.43,0.03,0.09,3.9829545454545454,47
353,Yesterday (feat. Bebe Rexha),David Guetta,2015,243.0,0.0242,0.5700000000000001,6.659999999999999e-05,-4.0,0.33,128.0,0.78,0.03,0.28,4.0,46
354,Time of Our Lives,Pitbull,2015,229.0,0.15755304715909085,0.72,0.169678918465909,-6.0,0.6900000000000001,124.0,0.8,0.06,0.72,3.9829545454545454,45
355,Sparks,Hilary Duff,2015,186.0,0.15755304715909085,0.85,0.169678918465909,-5.0,0.1,122.0,0.88,0.06,0.79,3.9829545454545454,44
356,Mr. Put It Down,Ricky Martin,2015,196.0,0.15755304715909085,0.8,0.169678918465909,-6.0,0.04,128.0,0.78,0.18,0.8300000000000001,3.9829545454545454,42
357,Legendary Lovers,Katy Perry,2015,224.0,0.15755304715909085,0.62,0.169678918465909,-5.0,0.08,126.0,0.84,0.08,0.39,3.9829545454545454,41
358,Spark The Fire,Gwen Stefani,2015,202.0,0.15755304715909085,0.88,0.169678918465909,-4.0,0.2,120.0,0.8,0.06,0.54,3.9829545454545454,39
359,Run Run Run,Kelly Clarkson,2015,273.0,0.15755304715909085,0.28,0.169678918465909,-7.0,0.11,112.0,0.37,0.04,0.08,3.9829545454545454,36
360,Let Me Be Your Lover,Enrique Iglesias,2015,238.0,0.15755304715909085,0.72,0.169678918465909,-4.0,0.06,112.0,0.9,0.13,0.88,3.9829545454545454,34
361,Dangerous,Jennifer Hudson,2015,255.0,0.15755304715909085,0.9,0.169678918465909,-5.0,0.08,109.0,0.53,0.05,0.65,3.9829545454545454,18
362,L.A.LOVE (la la),Fergie,2015,193.0,0.0186,0.48,0.0,-8.0,0.26,202.0,0.39,0.09,0.27,4.0,0
363,The Hills,The Weeknd,2016,242.0,0.0673,0.58,0.0,-7.0,0.14,113.0,0.56,0.05,0.14,4.0,84
364,Love Yourself,Justin Bieber,2016,234.0,0.48200000000000004,0.61,0.0,-10.0,0.28,100.0,0.38,0.44,0.52,4.0,83
365,Cake By The Ocean,DNCE,2016,219.0,0.15755304715909085,0.77,0.169678918465909,-5.0,0.04,119.0,0.75,0.05,0.9,3.9829545454545454,81
366,Don't Let Me Down,The Chainsmokers,2016,208.0,0.157,0.53,0.0050799999999999994,-5.0,0.14,160.0,0.87,0.17,0.42,4.0,81
367,In the Name of Love,Martin Garrix,2016,196.0,0.15755304715909085,0.5,0.169678918465909,-6.0,0.45,134.0,0.52,0.04,0.17,3.9829545454545454,81
368,Into You,Ariana Grande,2016,244.0,0.15755304715909085,0.62,0.169678918465909,-6.0,0.14,108.0,0.73,0.11,0.37,3.9829545454545454,80
369,This Is What You Came For,Calvin Harris,2016,222.0,0.15755304715909085,0.63,0.169678918465909,-3.0,0.15,124.0,0.93,0.03,0.47,3.9829545454545454,80
370,Million Reasons,Lady Gaga,2016,205.0,0.15755304715909085,0.67,0.169678918465909,-8.0,0.11,130.0,0.42,0.04,0.15,3.9829545454545454,80
371,Needed Me,Rihanna,2016,192.0,0.15755304715909085,0.67,0.169678918465909,-8.0,0.08,111.0,0.31,0.24,0.3,3.9829545454545454,80
372,7 Years,Lukas Graham,2016,237.0,0.15755304715909085,0.77,0.169678918465909,-6.0,0.39,120.0,0.47,0.05,0.34,3.9829545454545454,80
373,"CAN'T STOP THE FEELING! (Original Song from DreamWorks Animation's ""TROLLS"")",Justin Timberlake,2016,236.0,0.0106,0.67,0.0,-6.0,0.19,113.0,0.8300000000000001,0.07,0.7000000000000001,4.0,79
374,Work from Home (feat. Ty Dolla $ign),Fifth Harmony,2016,214.0,0.239,0.8,0.8809999999999999,-6.0,0.06,105.0,0.59,0.04,0.59,4.0,79
375,Scars To Your Beautiful,Alessia Cara,2016,230.0,0.15755304715909085,0.5700000000000001,0.169678918465909,-6.0,0.11,97.0,0.74,0.13,0.45,3.9829545454545454,79
376,Like I'm Gonna Lose You (feat. John Legend),Meghan Trainor,2016,225.0,0.5479999999999999,0.63,0.8420000000000001,-7.0,0.18,108.0,0.53,0.04,0.42,4.0,79
377,Work,Rihanna,2016,219.0,0.15755304715909085,0.73,0.169678918465909,-6.0,0.09,92.0,0.53,0.09,0.56,3.9829545454545454,78
378,Stitches,Shawn Mendes,2016,207.0,0.15755304715909085,0.75,0.169678918465909,-7.0,0.05,150.0,0.75,0.07,0.76,3.9829545454545454,78
379,"Me, Myself & I",G-Eazy,2016,251.0,0.15755304715909085,0.76,0.169678918465909,-7.0,0.16,112.0,0.67,0.1,0.38,3.9829545454545454,78
380,I Took A Pill In Ibiza - Seeb Remix,Mike Posner,2016,198.0,0.15755304715909085,0.66,0.169678918465909,-7.0,0.08,102.0,0.71,0.11,0.6900000000000001,3.9829545454545454,78
381,Dangerous Woman,Ariana Grande,2016,236.0,0.15755304715909085,0.66,0.169678918465909,-5.0,0.36,134.0,0.6,0.04,0.29,3.9829545454545454,78
382,Starving,Hailee Steinfeld,2016,182.0,0.15755304715909085,0.73,0.169678918465909,-4.0,0.11,100.0,0.62,0.06,0.51,3.9829545454545454,78
383,Shout Out to My Ex,Little Mix,2016,246.0,0.15755304715909085,0.77,0.169678918465909,-4.0,0.11,126.0,0.75,0.09,0.8,3.9829545454545454,77
384,Electric Love,BØRNS,2016,218.0,0.15755304715909085,0.61,0.169678918465909,-8.0,0.26,120.0,0.8,0.05,0.52,3.9829545454545454,76
385,Confident,Demi Lovato,2016,206.0,0.15755304715909085,0.59,0.169678918465909,-6.0,0.09,130.0,0.75,0.07,0.34,3.9829545454545454,75
386,Too Good,Drake,2016,263.0,0.15755304715909085,0.79,0.169678918465909,-8.0,0.1,118.0,0.65,0.1,0.39,3.9829545454545454,74
387,Roses,The Chainsmokers,2016,227.0,0.0435,0.71,0.0037700000000000003,-7.0,0.31,100.0,0.8,0.06,0.34,4.0,74
388,Cold Water (feat. Justin Bieber & MØ),Major Lazer,2016,185.0,0.758,0.61,0.0,-5.0,0.16,93.0,0.8,0.04,0.5,4.0,73
389,Me Too,Meghan Trainor,2016,181.0,0.244,0.93,0.762,-6.0,0.48,124.0,0.6900000000000001,0.1,0.84,4.0,73
390,Light It Up (feat. Nyla & Fuse ODG) [Remix],Major Lazer,2016,166.0,0.031,0.75,0.0,-4.0,0.23,108.0,0.88,0.07,0.75,4.0,73
391,Ain't Your Mama,Jennifer Lopez,2016,218.0,0.15755304715909085,0.76,0.169678918465909,-6.0,0.07,120.0,0.68,0.23,0.8200000000000001,3.9829545454545454,72
392,Close,Nick Jonas,2016,234.0,0.15755304715909085,0.65,0.169678918465909,-5.0,0.14,124.0,0.62,0.08,0.4,3.9829545454545454,72
393,Toothbrush,DNCE,2016,232.0,0.15755304715909085,0.55,0.169678918465909,-6.0,0.47,105.0,0.79,0.13,0.8200000000000001,3.9829545454545454,72
394,All We Know,The Chainsmokers,2016,194.0,0.09699999999999999,0.66,0.0027199999999999998,-9.0,0.12,90.0,0.59,0.03,0.3,4.0,72
395,Final Song,MØ,2016,236.0,0.013999999999999999,0.7000000000000001,8.44e-05,-6.0,0.08,105.0,0.67,0.03,0.25,4.0,72
396,Company,Justin Bieber,2016,208.0,0.15755304715909085,0.59,0.169678918465909,-5.0,0.08,95.0,0.8,0.06,0.43,3.9829545454545454,72
397,Hands To Myself,Selena Gomez,2016,201.0,0.15755304715909085,0.81,0.169678918465909,-7.0,0.34,111.0,0.5,0.12,0.47,3.9829545454545454,71
398,All I Ask,Adele,2016,272.0,0.15755304715909085,0.59,0.169678918465909,-5.0,0.15,142.0,0.28,0.03,0.34,3.9829545454545454,71
399,"Just Like Fire (From the Original Motion Picture ""Alice Through The Looking Glass"")",P!nk,2016,215.0,0.0114,0.63,0.0,-6.0,0.11,163.0,0.7000000000000001,0.15,0.5,4.0,71
400,NO,Meghan Trainor,2016,214.0,0.15755304715909085,0.56,0.169678918465909,-4.0,0.74,92.0,0.8,0.22,0.65,3.9829545454545454,70
401,Kill Em With Kindness,Selena Gomez,2016,218.0,0.15755304715909085,0.76,0.169678918465909,-5.0,0.1,120.0,0.88,0.04,0.4,3.9829545454545454,70
402,Cool Girl,Tove Lo,2016,199.0,0.15755304715909085,0.67,0.169678918465909,-7.0,0.08,102.0,0.6900000000000001,0.11,0.2,3.9829545454545454,69
403,Runnin' (Lose It All),Naughty Boy,2016,213.0,0.0103,0.32,4.11e-05,-6.0,0.48,139.0,0.85,0.08,0.08,4.0,69
404,Here,Alessia Cara,2016,199.0,0.15755304715909085,0.38,0.169678918465909,-4.0,0.08,120.0,0.8200000000000001,0.1,0.33,3.9829545454545454,68
405,Perfect Illusion,Lady Gaga,2016,182.0,0.15755304715909085,0.61,0.169678918465909,-5.0,0.36,125.0,0.86,0.04,0.66,3.9829545454545454,67
406,PILLOWTALK,ZAYN,2016,204.0,0.15755304715909085,0.59,0.169678918465909,-4.0,0.09,125.0,0.7000000000000001,0.05,0.43,3.9829545454545454,66
407,Out Of The Woods,Taylor Swift,2016,236.0,0.15755304715909085,0.55,0.169678918465909,-7.0,0.34,92.0,0.84,0.04,0.34,3.9829545454545454,66
408,Rise,Katy Perry,2016,203.0,0.15755304715909085,0.55,0.169678918465909,-6.0,0.11,101.0,0.64,0.05,0.44,3.9829545454545454,66
409,Wherever I Go,OneRepublic,2016,170.0,0.15755304715909085,0.55,0.169678918465909,-6.0,0.27,100.0,0.6900000000000001,0.04,0.35000000000000003,3.9829545454545454,66
410,Body Say,Demi Lovato,2016,194.0,0.15755304715909085,0.63,0.169678918465909,-5.0,0.28,87.0,0.74,0.04,0.26,3.9829545454545454,65
411,Don't Be A Fool,Shawn Mendes,2016,216.0,0.15755304715909085,0.47,0.169678918465909,-6.0,0.1,175.0,0.34,0.04,0.27,3.9829545454545454,65
412,LIKE I WOULD,ZAYN,2016,192.0,0.15755304715909085,0.56,0.169678918465909,-6.0,0.26,113.0,0.8300000000000001,0.11,0.23,3.9829545454545454,65
413,Cheap Thrills,Sia,2016,225.0,0.0472,0.59,0.00143,-5.0,0.08,90.0,0.8,0.22,0.73,4.0,64
414,I Got You,Bebe Rexha,2016,192.0,0.15755304715909085,0.61,0.169678918465909,-5.0,0.09,98.0,0.89,0.05,0.32,3.9829545454545454,64
415,Run Away With Me,Carly Rae Jepsen,2016,251.0,0.15755304715909085,0.56,0.169678918465909,-6.0,0.05,119.0,0.72,0.05,0.25,3.9829545454545454,63
416,Cruel (feat. ZAYN),Snakehips,2016,228.0,0.0184,0.6,0.0,-4.0,0.16,110.0,0.88,0.12,0.32,4.0,63
417,Send My Love (To Your New Lover),Adele,2016,223.0,0.845,0.6900000000000001,0.892,-8.0,0.17,164.0,0.52,0.1,0.56,4.0,61
418,WTF (Where They From),Missy Elliott,2016,193.0,0.0181,0.93,6.81e-06,-3.0,0.06,120.0,0.8200000000000001,0.2,0.56,4.0,58
419,Desire,Years & Years,2016,203.0,0.15755304715909085,0.71,0.169678918465909,-5.0,0.3,126.0,0.78,0.06,0.64,3.9829545454545454,58
420,When We Were Young,Adele,2016,291.0,0.15755304715909085,0.38,0.169678918465909,-6.0,0.09,144.0,0.59,0.05,0.27,3.9829545454545454,58
421,I Know What You Did Last Summer,Shawn Mendes,2016,224.0,0.15755304715909085,0.68,0.169678918465909,-5.0,0.16,114.0,0.77,0.1,0.72,3.9829545454545454,57
422,Wish That You Were Here - From Miss Peregrines Home for Peculiar Children Original Motion Picture,Florence + The Machine,2016,403.0,0.15755304715909085,0.37,0.169678918465909,-6.0,0.13,94.0,0.5700000000000001,0.03,0.12,3.9829545454545454,57
423,Hurts,Emeli Sandé,2016,238.0,0.15755304715909085,0.58,0.169678918465909,-8.0,0.15,106.0,0.64,0.03,0.18,3.9829545454545454,57
424,Change,Christina Aguilera,2016,187.0,0.15755304715909085,0.62,0.169678918465909,-6.0,0.13,82.0,0.54,0.08,0.2,3.9829545454545454,54
425,Make Me... (feat. G-Eazy),Britney Spears,2016,231.0,0.15755304715909085,0.7000000000000001,0.169678918465909,-7.0,0.22,123.0,0.7000000000000001,0.1,0.58,3.9829545454545454,53
426,Keeping Your Head Up,Birdy,2016,208.0,0.15755304715909085,0.6,0.169678918465909,-5.0,0.19,122.0,0.78,0.05,0.53,3.9829545454545454,52
427,True Colors,Zedd,2016,225.0,0.15755304715909085,0.5700000000000001,0.169678918465909,-3.0,0.1,126.0,0.79,0.04,0.49,3.9829545454545454,51
428,Make Me Like You,Gwen Stefani,2016,217.0,0.15755304715909085,0.74,0.169678918465909,-5.0,0.13,118.0,0.71,0.05,0.8,3.9829545454545454,50
429,Champagne Problems,Nick Jonas,2016,193.0,0.15755304715909085,0.73,0.169678918465909,-5.0,0.09,108.0,0.78,0.13,0.64,3.9829545454545454,50
430,Blown,DNCE,2016,197.0,0.622,0.63,0.8959999999999999,-5.0,0.1,130.0,0.95,0.04,0.73,4.0,48
431,Start,John Legend,2016,310.0,0.15755304715909085,0.52,0.169678918465909,-15.0,0.09,110.0,0.04,0.04,0.26,3.9829545454545454,47
432,Pep Rally,Missy Elliott,2016,263.0,0.15755304715909085,0.8300000000000001,0.169678918465909,-4.0,0.2,90.0,0.75,0.12,0.32,3.9829545454545454,47
433,Higher,Carly Rae Jepsen,2016,234.0,0.15755304715909085,0.65,0.169678918465909,-5.0,0.37,114.0,0.87,0.06,0.44,3.9829545454545454,46
434,Invitation,Britney Spears,2016,200.0,0.15755304715909085,0.37,0.169678918465909,-7.0,0.09,112.0,0.65,0.11,0.16,3.9829545454545454,44
435,One Call Away (feat. Tyga) - Remix,Charlie Puth,2016,192.0,0.15755304715909085,0.75,0.169678918465909,-5.0,0.13,91.0,0.6900000000000001,0.04,0.52,3.9829545454545454,41
436,Beautiful Birds (feat. Birdy),Passenger,2016,214.0,0.91,0.39,0.00253,-13.0,0.11,86.0,0.17,0.03,0.14,4.0,36
437,Little Lies,Hilary Duff,2016,204.0,0.15755304715909085,0.5700000000000001,0.169678918465909,-6.0,0.04,124.0,0.76,0.06,0.4,3.9829545454545454,36
438,Do You Wanna Come Over?,Britney Spears,2016,203.0,0.15755304715909085,0.75,0.169678918465909,-6.0,0.11,121.0,0.7000000000000001,0.07,0.45,3.9829545454545454,34
439,BURNITUP!,Janet Jackson,2016,250.0,0.0463,0.8300000000000001,0.0,-7.0,0.31,123.0,0.71,0.18,0.8300000000000001,4.0,31
440,Picky - Remix,Joey Montana,2016,225.0,0.15755304715909085,0.7000000000000001,0.169678918465909,-3.0,0.37,186.0,0.81,0.07,0.6900000000000001,3.9829545454545454,29
441,Behind Your Back,Nelly Furtado,2016,228.0,0.15755304715909085,0.8,0.169678918465909,-10.0,0.07,98.0,0.47,0.04,0.6900000000000001,3.9829545454545454,18
442,Million Years Ago,Adele,2016,227.0,0.15755304715909085,0.0,0.169678918465909,-60.0,0.0,0.0,0.0,0.0,0.0,3.9829545454545454,0
443,Shape of You,Ed Sheeran,2017,234.0,0.15755304715909085,0.8300000000000001,0.169678918465909,-3.0,0.09,96.0,0.65,0.08,0.93,3.9829545454545454,87
444,Closer,The Chainsmokers,2017,245.0,0.081,0.75,0.0,-6.0,0.11,95.0,0.52,0.03,0.66,4.0,86
445,Starboy,The Weeknd,2017,230.0,0.141,0.68,6.35e-06,-7.0,0.14,186.0,0.59,0.28,0.49,4.0,85
446,Treat You Better,Shawn Mendes,2017,188.0,0.15755304715909085,0.44,0.169678918465909,-4.0,0.11,83.0,0.8200000000000001,0.34,0.75,3.9829545454545454,84
447,That's What I Like,Bruno Mars,2017,207.0,0.15755304715909085,0.85,0.169678918465909,-5.0,0.09,134.0,0.56,0.04,0.86,3.9829545454545454,83
448,Let Me Love You,DJ Snake,2017,206.0,0.15755304715909085,0.65,0.169678918465909,-5.0,0.14,100.0,0.72,0.03,0.16,3.9829545454545454,82
449,I Feel It Coming,The Weeknd,2017,269.0,0.34,0.77,0.0,-6.0,0.07,93.0,0.8200000000000001,0.12,0.59,4.0,81
450,Mercy,Shawn Mendes,2017,209.0,0.15755304715909085,0.56,0.169678918465909,-5.0,0.11,148.0,0.66,0.08,0.36,3.9829545454545454,81
451,Side To Side,Ariana Grande,2017,226.0,0.15755304715909085,0.65,0.169678918465909,-6.0,0.24,159.0,0.74,0.23,0.61,3.9829545454545454,80
452,Stay,Zedd,2017,210.0,0.0376,0.6900000000000001,0.00042,-5.0,0.12,102.0,0.62,0.06,0.54,4.0,80
453,It Ain't Me (with Selena Gomez),Kygo,2017,221.0,0.15755304715909085,0.64,0.169678918465909,-7.0,0.09,100.0,0.53,0.07,0.52,3.9829545454545454,79
454,Malibu,Miley Cyrus,2017,232.0,0.15755304715909085,0.5700000000000001,0.169678918465909,-6.0,0.08,140.0,0.78,0.06,0.34,3.9829545454545454,78
455,Something Just Like This,The Chainsmokers,2017,248.0,0.15755304715909085,0.61,0.169678918465909,-7.0,0.17,103.0,0.65,0.04,0.51,3.9829545454545454,78
456,Rockabye (feat. Sean Paul & Anne-Marie),Clean Bandit,2017,251.0,0.261,0.72,0.0,-4.0,0.18,102.0,0.76,0.05,0.74,4.0,78
457,I Dont Wanna Live Forever (Fifty Shades Darker),ZAYN,2017,245.0,0.00475,0.74,0.605,-8.0,0.33,118.0,0.45,0.06,0.09,4.0,78
458,My Way,Calvin Harris,2017,219.0,0.15755304715909085,0.8200000000000001,0.169678918465909,-3.0,0.16,120.0,0.91,0.04,0.54,3.9829545454545454,78
459,"I'm the One (feat. Justin Bieber, Quavo, Chance the Rapper & Lil Wayne)",DJ Khaled,2017,289.0,0.0533,0.61,0.0,-4.0,0.17,81.0,0.67,0.04,0.81,4.0,77
460,Praying,Kesha,2017,230.0,0.15755304715909085,0.58,0.169678918465909,-7.0,0.11,73.0,0.39,0.03,0.32,3.9829545454545454,77
461,Despacito - Remix,Luis Fonsi,2017,229.0,0.15755304715909085,0.65,0.169678918465909,-4.0,0.1,178.0,0.8200000000000001,0.17,0.8200000000000001,3.9829545454545454,76
462,The Greatest,Sia,2017,210.0,0.7659999999999999,0.67,0.0,-6.0,0.06,192.0,0.73,0.27,0.73,4.0,76
463,There for You,Martin Garrix,2017,222.0,0.15755304715909085,0.61,0.169678918465909,-8.0,0.12,106.0,0.64,0.06,0.13,3.9829545454545454,76
464,Paris,The Chainsmokers,2017,222.0,0.0837,0.65,0.0,-7.0,0.09,100.0,0.64,0.03,0.25,3.0,76
465,Crying in the Club,Camila Cabello,2017,216.0,0.15755304715909085,0.33,0.169678918465909,-6.0,0.16,85.0,0.62,0.38,0.6,3.9829545454545454,75
466,Mama,Jonas Blue,2017,184.0,0.15755304715909085,0.74,0.169678918465909,-4.0,0.05,104.0,0.79,0.04,0.5700000000000001,3.9829545454545454,75
467,Slide (feat. Frank Ocean & Migos),Calvin Harris,2017,231.0,0.0395,0.74,1.35e-06,-3.0,0.25,104.0,0.8,0.05,0.51,4.0,75
468,Swish Swish,Katy Perry,2017,243.0,0.15755304715909085,0.84,0.169678918465909,-5.0,0.1,120.0,0.71,0.04,0.5700000000000001,3.9829545454545454,73
469,Chained To The Rhythm,Katy Perry,2017,238.0,0.15755304715909085,0.45,0.169678918465909,-5.0,0.2,190.0,0.8,0.17,0.47,3.9829545454545454,72
470,Cold (feat. Future),Maroon 5,2017,234.0,0.14,0.6900000000000001,0.0,-6.0,0.05,100.0,0.72,0.11,0.41,4.0,72
471,Love,Lana Del Rey,2017,273.0,0.15755304715909085,0.53,0.169678918465909,-11.0,0.11,99.0,0.37,0.03,0.23,3.9829545454545454,72
472,Reggaetón Lento (Remix),CNCO,2017,189.0,0.15,0.53,0.0,-3.0,0.1,94.0,0.91,0.09,0.62,4.0,71
473,All I Ask,Adele,2017,272.0,0.15755304715909085,0.59,0.169678918465909,-5.0,0.15,142.0,0.28,0.03,0.34,3.9829545454545454,71
474,First Time,Kygo,2017,194.0,0.15755304715909085,0.63,0.169678918465909,-7.0,0.1,90.0,0.59,0.11,0.68,3.9829545454545454,71
475,The Cure,Lady Gaga,2017,211.0,0.15755304715909085,0.7000000000000001,0.169678918465909,-5.0,0.09,100.0,0.51,0.03,0.52,3.9829545454545454,71
476,"How Far I'll Go - From ""Moana""",Alessia Cara,2017,176.0,0.15755304715909085,0.31,0.169678918465909,-10.0,0.07,181.0,0.54,0.35000000000000003,0.16,3.9829545454545454,71
477,Bodak Yellow,Cardi B,2017,224.0,0.15755304715909085,0.93,0.169678918465909,-6.0,0.35000000000000003,125.0,0.72,0.11,0.46,3.9829545454545454,70
478,Rich Love (with Seeb),OneRepublic,2017,201.0,0.16699999999999998,0.4,0.0,-4.0,0.36,105.0,0.87,0.31,0.47,4.0,70
479,Tired,Alan Walker,2017,192.0,0.0059299999999999995,0.6900000000000001,0.00417,-4.0,0.15,124.0,0.88,0.06,0.49,4.0,70
480,Came Here for Love,Sigala,2017,203.0,0.15755304715909085,0.71,0.169678918465909,-3.0,0.12,125.0,0.87,0.04,0.72,3.9829545454545454,70
481,24K Magic,Bruno Mars,2017,226.0,0.15755304715909085,0.8200000000000001,0.169678918465909,-4.0,0.15,107.0,0.8,0.08,0.63,3.9829545454545454,69
482,Strip That Down (feat. Quavo),Liam Payne,2017,202.0,0.0503,0.87,0.0639,-5.0,0.08,106.0,0.5,0.05,0.55,4.0,69
483,Cut To The Feeling,Carly Rae Jepsen,2017,208.0,0.15755304715909085,0.71,0.169678918465909,-3.0,0.3,115.0,0.91,0.06,0.65,3.9829545454545454,69
484,OK - Spotify Version,Robin Schulz,2017,189.0,0.15755304715909085,0.65,0.169678918465909,-6.0,0.13,122.0,0.81,0.06,0.58,3.9829545454545454,69
485,Bon appétit,Katy Perry,2017,228.0,0.15755304715909085,0.8,0.169678918465909,-6.0,0.22,106.0,0.79,0.06,0.52,3.9829545454545454,68
486,Summer Bummer (feat. A$AP Rocky & Playboi Carti),Lana Del Rey,2017,261.0,0.15755304715909085,0.76,0.169678918465909,-9.0,0.2,135.0,0.5700000000000001,0.13,0.14,3.9829545454545454,67
487,Get Low (with Liam Payne),Zedd,2017,205.0,0.027000000000000003,0.72,1.76e-05,-4.0,0.05,108.0,0.93,0.05,0.54,4.0,66
488,Kissing Strangers,DNCE,2017,202.0,0.15755304715909085,0.77,0.169678918465909,-6.0,0.09,120.0,0.74,0.04,0.86,3.9829545454545454,66
489,Slow Hands,Niall Horan,2017,188.0,0.15755304715909085,0.74,0.169678918465909,-7.0,0.06,86.0,0.42,0.05,0.85,3.9829545454545454,64
490,Younger Now,Miley Cyrus,2017,249.0,0.15755304715909085,0.55,0.169678918465909,-5.0,0.14,122.0,0.87,0.06,0.33,3.9829545454545454,62
491,Body Moves,DNCE,2017,236.0,0.15755304715909085,0.65,0.169678918465909,-5.0,0.04,102.0,0.6900000000000001,0.04,0.86,3.9829545454545454,62
492,Reality (feat. Janieck Devy) - Radio Edit,Lost Frequencies,2017,158.0,0.15755304715909085,0.73,0.169678918465909,-7.0,0.08,122.0,0.64,0.04,0.53,3.9829545454545454,59
493,Angel,Fifth Harmony,2017,189.0,0.15755304715909085,0.74,0.169678918465909,-6.0,0.35000000000000003,124.0,0.53,0.04,0.13,3.9829545454545454,59
494,Touch (feat. Kid Ink),Little Mix,2017,203.0,0.0444,0.64,0.0,-4.0,0.49,102.0,0.75,0.11,0.53,4.0,59
495,We Don't Talk Anymore - DROELOE Remix,Charlie Puth,2017,218.0,0.15755304715909085,0.7000000000000001,0.169678918465909,-5.0,0.45,100.0,0.8200000000000001,0.22,0.67,3.9829545454545454,59
496,Love Incredible (feat. Camila Cabello),Cashmere Cat,2017,180.0,0.15755304715909085,0.37,0.169678918465909,-9.0,0.2,167.0,0.5,0.12,0.21,3.9829545454545454,59
497,No Vacancy (with Sebastián Yatra),OneRepublic,2017,223.0,0.15755304715909085,0.6900000000000001,0.169678918465909,-4.0,0.14,100.0,0.76,0.04,0.59,3.9829545454545454,57
498,Rich Boy,Galantis,2017,184.0,0.15755304715909085,0.74,0.169678918465909,-2.0,0.08,110.0,0.9,0.05,0.65,3.9829545454545454,55
499,Lust for Life (with The Weeknd),Lana Del Rey,2017,264.0,0.15755304715909085,0.51,0.169678918465909,-9.0,0.36,100.0,0.67,0.06,0.27,3.9829545454545454,54
500,Greenlight (feat. Flo Rida & LunchMoney Lewis),Pitbull,2017,245.0,0.15755304715909085,0.7000000000000001,0.169678918465909,-6.0,0.36,115.0,0.8300000000000001,0.27,0.63,3.9829545454545454,54
501,Influence,Tove Lo,2017,225.0,0.15755304715909085,0.77,0.169678918465909,-10.0,0.11,105.0,0.59,0.05,0.33,3.9829545454545454,54
502,Remember I Told You,Nick Jonas,2017,202.0,0.15755304715909085,0.68,0.169678918465909,-6.0,0.04,113.0,0.53,0.28,0.84,3.9829545454545454,53
503,Messin' Around,Pitbull,2017,223.0,0.15755304715909085,0.5700000000000001,0.169678918465909,-5.0,0.04,158.0,0.81,0.05,0.78,3.9829545454545454,51
504,Water Under the Bridge,Adele,2017,240.0,0.15755304715909085,0.6,0.169678918465909,-7.0,0.11,95.0,0.84,0.07,0.47,3.9829545454545454,49
505,Free Me,Sia,2017,286.0,0.2,0.27,0.0,-4.0,0.14,87.0,0.46,0.03,0.21,4.0,44
506,Kissing Strangers - Remix,DNCE,2017,202.0,0.15755304715909085,0.76,0.169678918465909,-6.0,0.08,120.0,0.77,0.05,0.81,3.9829545454545454,43
507,A L I E N S,Coldplay,2017,282.0,0.15755304715909085,0.43,0.169678918465909,-5.0,0.21,148.0,0.88,0.04,0.25,3.9829545454545454,41
508,One Kiss (with Dua Lipa),Calvin Harris,2018,215.0,0.0107,0.79,0.706,-3.0,0.08,124.0,0.86,0.11,0.59,4.0,86
509,Havana (feat. Young Thug),Camila Cabello,2018,217.0,0.184,0.77,3.5600000000000005e-05,-4.0,0.13,105.0,0.52,0.03,0.39,4.0,85
510,I Like It,Cardi B,2018,253.0,0.15755304715909085,0.8200000000000001,0.169678918465909,-4.0,0.37,136.0,0.73,0.13,0.65,3.9829545454545454,85
511,New Rules,Dua Lipa,2018,209.0,0.0072099999999999985,0.76,0.007109999999999998,-6.0,0.15,116.0,0.7000000000000001,0.07,0.61,4.0,84
512,There's Nothing Holdin' Me Back,Shawn Mendes,2018,199.0,0.15755304715909085,0.87,0.169678918465909,-4.0,0.08,122.0,0.81,0.06,0.97,3.9829545454545454,84
513,no tears left to cry,Ariana Grande,2018,206.0,0.15755304715909085,0.7000000000000001,0.169678918465909,-6.0,0.29,122.0,0.71,0.06,0.35000000000000003,3.9829545454545454,84
514,IDGAF,Dua Lipa,2018,218.0,0.0958,0.84,0.000133,-6.0,0.08,97.0,0.54,0.09,0.51,4.0,84
515,In My Blood,Shawn Mendes,2018,211.0,0.15755304715909085,0.62,0.169678918465909,-7.0,0.13,140.0,0.71,0.07,0.49,3.9829545454545454,83
516,Wolves,Selena Gomez,2018,198.0,0.15755304715909085,0.72,0.169678918465909,-5.0,0.2,125.0,0.8,0.04,0.31,3.9829545454545454,83
517,Dusk Till Dawn - Radio Edit,ZAYN,2018,239.0,0.15755304715909085,0.26,0.169678918465909,-7.0,0.11,180.0,0.44,0.04,0.1,3.9829545454545454,83
518,Attention,Charlie Puth,2018,209.0,0.000129,0.78,0.0144,-5.0,0.13,100.0,0.61,0.05,0.8,4.0,83
519,Electricity (with Dua Lipa),Silk City,2018,238.0,0.0104,0.59,3.33e-06,-6.0,0.34,118.0,0.67,0.05,0.51,4.0,82
520,Love On The Brain,Rihanna,2018,224.0,0.15755304715909085,0.51,0.169678918465909,-5.0,0.08,172.0,0.64,0.05,0.38,3.9829545454545454,82
521,"Let Me Go (with Alesso, Florida Georgia Line & watt)",Hailee Steinfeld,2018,175.0,0.15755304715909085,0.66,0.169678918465909,-4.0,0.08,103.0,0.71,0.05,0.74,3.9829545454545454,82
522,Silence,Marshmello,2018,181.0,0.39399999999999996,0.52,0.155,-3.0,0.17,142.0,0.76,0.09,0.29,4.0,82
523,Sorry Not Sorry,Demi Lovato,2018,204.0,0.15755304715909085,0.71,0.169678918465909,-7.0,0.26,144.0,0.64,0.23,0.89,3.9829545454545454,81
524,Shallow - Radio Edit,Lady Gaga,2018,217.0,0.15755304715909085,0.5700000000000001,0.169678918465909,-7.0,0.09,96.0,0.33,0.03,0.28,3.9829545454545454,80
525,These Days,Rudimental,2018,211.0,0.15755304715909085,0.65,0.169678918465909,-4.0,0.17,92.0,0.81,0.05,0.55,3.9829545454545454,80
526,What Lovers Do (feat. SZA),Maroon 5,2018,200.0,0.000202,0.8,0.8740000000000001,-5.0,0.1,110.0,0.6,0.06,0.42,4.0,79
527,Finesse - Remix; feat. Cardi B,Bruno Mars,2018,217.0,0.0185,0.7000000000000001,0.0,-5.0,0.02,105.0,0.86,0.1,0.93,4.0,78
528,Perfect Duet (Ed Sheeran & Beyoncé),Ed Sheeran,2018,260.0,0.779,0.59,0.0,-7.0,0.12,95.0,0.3,0.03,0.36,3.0,78
529,Bad At Love,Halsey,2018,181.0,0.15755304715909085,0.68,0.169678918465909,-4.0,0.09,118.0,0.75,0.03,0.61,3.9829545454545454,78
530,Him & I (with Halsey),G-Eazy,2018,269.0,0.0534,0.59,0.0,-6.0,0.31,88.0,0.73,0.09,0.19,4.0,78
531,Friends (with BloodPop®),Justin Bieber,2018,189.0,0.00389,0.74,0.0,-5.0,0.3,105.0,0.73,0.04,0.62,4.0,77
532,Wild Thoughts (feat. Rihanna & Bryson Tiller),DJ Khaled,2018,204.0,0.0287,0.67,0.0,-3.0,0.12,98.0,0.67,0.07,0.63,4.0,76
533,My My My!,Troye Sivan,2018,205.0,0.004070000000000001,0.7000000000000001,0.000151,-8.0,0.05,103.0,0.46,0.08,0.48,4.0,76
534,Capital Letters,Hailee Steinfeld,2018,219.0,0.15755304715909085,0.66,0.169678918465909,-6.0,0.05,100.0,0.81,0.08,0.46,3.9829545454545454,76
535,Sick Boy,The Chainsmokers,2018,193.0,0.0221,0.66,0.0,-8.0,0.12,90.0,0.58,0.05,0.45,4.0,76
536,Tequila,Dan + Shay,2018,196.0,0.11199999999999999,0.47,0.0,-6.0,0.13,86.0,0.59,0.03,0.5,4.0,76
537,Look What You Made Me Do,Taylor Swift,2018,212.0,0.15755304715909085,0.77,0.169678918465909,-6.0,0.13,128.0,0.71,0.12,0.51,3.9829545454545454,75
538,Youth (feat. Khalid),Shawn Mendes,2018,191.0,0.56,0.53,0.0,-7.0,0.13,100.0,0.6,0.12,0.32,4.0,75
539,Bad Liar,Selena Gomez,2018,215.0,0.15755304715909085,0.97,0.169678918465909,-6.0,0.08,121.0,0.41,0.07,0.73,3.9829545454545454,75
540,Anywhere,Rita Ora,2018,215.0,0.15755304715909085,0.63,0.169678918465909,-4.0,0.1,107.0,0.8,0.06,0.32,3.9829545454545454,74
541,Say Something,Justin Timberlake,2018,279.0,0.15755304715909085,0.71,0.169678918465909,-7.0,0.08,97.0,0.63,0.08,0.37,3.9829545454545454,74
542,Chun-Li,Nicki Minaj,2018,192.0,0.15755304715909085,0.6900000000000001,0.169678918465909,-5.0,0.11,129.0,0.73,0.37,0.48,3.9829545454545454,73
543,Sign of the Times,Harry Styles,2018,341.0,0.15755304715909085,0.52,0.169678918465909,-5.0,0.11,120.0,0.5700000000000001,0.03,0.21,3.9829545454545454,72
544,Familiar,Liam Payne,2018,197.0,0.15755304715909085,0.64,0.169678918465909,-5.0,0.08,93.0,0.81,0.33,0.91,3.9829545454545454,72
545,Let Me,ZAYN,2018,185.0,0.15755304715909085,0.46,0.169678918465909,-6.0,0.1,168.0,0.5700000000000001,0.05,0.19,3.9829545454545454,72
546,Supernova,Ansel Elgort,2018,191.0,0.15755304715909085,0.77,0.169678918465909,-5.0,0.21,140.0,0.62,0.1,0.68,3.9829545454545454,72
547,Nervous,Shawn Mendes,2018,164.0,0.15755304715909085,0.84,0.169678918465909,-7.0,0.13,122.0,0.62,0.08,0.74,3.9829545454545454,71
548,First Time,Kygo,2018,194.0,0.15755304715909085,0.63,0.169678918465909,-7.0,0.1,90.0,0.59,0.11,0.68,3.9829545454545454,71
549,End Game,Taylor Swift,2018,245.0,0.15755304715909085,0.65,0.169678918465909,-6.0,0.11,159.0,0.59,0.06,0.15,3.9829545454545454,70
550,Mi Gente (feat. Beyoncé),J Balvin,2018,210.0,0.0223,0.76,0.0,-6.0,0.23,105.0,0.72,0.08,0.47,4.0,68
551,Lemon,N.E.R.D,2018,220.0,0.15755304715909085,0.92,0.169678918465909,-7.0,0.12,95.0,0.73,0.09,0.2,3.9829545454545454,68
552,For You (With Rita Ora),Liam Payne,2018,243.0,0.0105,0.54,0.0,-5.0,0.42,113.0,0.8,0.03,0.18,4.0,67
553,Want To,Dua Lipa,2018,212.0,0.15755304715909085,0.5700000000000001,0.169678918465909,-5.0,0.06,92.0,0.6900000000000001,0.12,0.32,3.9829545454545454,67
554,What I Need (feat. Kehlani),Hayley Kiyoko,2018,220.0,0.15755304715909085,0.63,0.169678918465909,-4.0,0.16,104.0,0.79,0.06,0.41,3.9829545454545454,67
555,Wait,Maroon 5,2018,191.0,0.15755304715909085,0.66,0.169678918465909,-5.0,0.11,126.0,0.6,0.06,0.45,3.9829545454545454,67
556,What About Us,P!nk,2018,272.0,0.799,0.39,1.39e-05,-6.0,0.09,114.0,0.59,0.06,0.19,4.0,66
557,Kissing Strangers,DNCE,2018,202.0,0.15755304715909085,0.77,0.169678918465909,-6.0,0.09,120.0,0.74,0.04,0.86,3.9829545454545454,66
558,2U (feat. Justin Bieber),David Guetta,2018,195.0,0.272,0.53,0.9259999999999999,-7.0,0.23,145.0,0.61,0.06,0.53,3.0,65
559,Walk On Water (feat. Beyoncé),Eminem,2018,304.0,0.15755304715909085,0.48,0.169678918465909,-10.0,0.64,82.0,0.44,0.24,0.62,3.9829545454545454,65
560,This Town,Niall Horan,2018,233.0,0.15755304715909085,0.68,0.169678918465909,-8.0,0.12,112.0,0.41,0.03,0.2,3.9829545454545454,64
561,"Girls (feat. Cardi B, Bebe Rexha & Charli XCX)",Rita Ora,2018,221.0,0.15755304715909085,0.73,0.169678918465909,-4.0,0.1,94.0,0.6900000000000001,0.05,0.42,3.9829545454545454,64
562,MOVE TO MIAMI,Enrique Iglesias,2018,169.0,0.15755304715909085,0.76,0.169678918465909,-4.0,0.07,100.0,0.87,0.05,0.9,3.9829545454545454,64
563,Miss You (with Major Lazer & Tory Lanez),Cashmere Cat,2018,186.0,0.15755304715909085,0.75,0.169678918465909,-5.0,0.11,100.0,0.64,0.09,0.45,3.9829545454545454,64
564,Filthy,Justin Timberlake,2018,294.0,0.15755304715909085,0.75,0.169678918465909,-6.0,0.25,97.0,0.58,0.14,0.65,3.9829545454545454,62
565,Never Be the Same - Radio Edit,Camila Cabello,2018,227.0,0.15755304715909085,0.63,0.169678918465909,-4.0,0.12,130.0,0.6900000000000001,0.09,0.25,3.9829545454545454,57
566,Ferrari,Bebe Rexha,2018,213.0,0.15755304715909085,0.58,0.169678918465909,-6.0,0.1,77.0,0.48,0.03,0.42,3.9829545454545454,57
567,Supplies,Justin Timberlake,2018,226.0,0.15755304715909085,0.79,0.169678918465909,-7.0,0.13,120.0,0.55,0.05,0.23,3.9829545454545454,57
568,Boom Boom,RedOne,2018,248.0,0.15755304715909085,0.75,0.169678918465909,-8.0,0.2,110.0,0.76,0.05,0.58,3.9829545454545454,53
569,...Ready For It? - BloodPop® Remix,Taylor Swift,2018,190.0,0.15755304715909085,0.58,0.169678918465909,-5.0,0.1,160.0,0.84,0.22,0.5,3.9829545454545454,52
570,Drip (feat. Migos),Cardi B,2018,264.0,0.0511,0.97,0.0,-8.0,0.08,130.0,0.59,0.26,0.27,4.0,45
571,Tell Me You Love Me - NOTD Remix,Demi Lovato,2018,182.0,0.15755304715909085,0.58,0.169678918465909,-5.0,0.09,102.0,0.77,0.08,0.76,3.9829545454545454,44
572,Memories,Maroon 5,2019,189.0,0.15755304715909085,0.76,0.169678918465909,-7.0,0.08,91.0,0.32,0.05,0.5700000000000001,3.9829545454545454,99
573,Lose You To Love Me,Selena Gomez,2019,206.0,0.15755304715909085,0.51,0.169678918465909,-9.0,0.21,102.0,0.34,0.04,0.09,3.9829545454545454,97
574,Someone You Loved,Lewis Capaldi,2019,182.0,0.15755304715909085,0.5,0.169678918465909,-6.0,0.11,110.0,0.41,0.03,0.45,3.9829545454545454,96
575,Señorita,Shawn Mendes,2019,191.0,0.15755304715909085,0.76,0.169678918465909,-6.0,0.09,117.0,0.54,0.03,0.75,3.9829545454545454,95
576,How Do You Sleep?,Sam Smith,2019,202.0,0.153,0.48,0.0,-5.0,0.08,111.0,0.68,0.09,0.35000000000000003,5.0,93
577,South of the Border (feat. Camila Cabello & Cardi B),Ed Sheeran,2019,204.0,0.15755304715909085,0.86,0.169678918465909,-6.0,0.09,98.0,0.62,0.08,0.67,3.9829545454545454,92
578,Trampoline (with ZAYN),SHAED,2019,184.0,0.56,0.62,0.0,-6.0,0.14,127.0,0.46,0.03,0.5,4.0,92
579,Happier,Marshmello,2019,214.0,0.15755304715909085,0.6900000000000001,0.169678918465909,-3.0,0.17,100.0,0.79,0.05,0.67,3.9829545454545454,90
580,Truth Hurts,Lizzo,2019,173.0,0.15755304715909085,0.72,0.169678918465909,-3.0,0.12,158.0,0.62,0.11,0.41,3.9829545454545454,90
581,Good as Hell (feat. Ariana Grande) - Remix,Lizzo,2019,159.0,0.15755304715909085,0.67,0.169678918465909,-3.0,0.74,96.0,0.89,0.06,0.48,3.9829545454545454,90
582,Higher Love,Kygo,2019,228.0,0.15755304715909085,0.6900000000000001,0.169678918465909,-7.0,0.1,104.0,0.68,0.03,0.4,3.9829545454545454,88
583,Only Human,Jonas Brothers,2019,183.0,0.15755304715909085,0.8,0.169678918465909,-6.0,0.06,94.0,0.5,0.07,0.87,3.9829545454545454,87
584,Beautiful People (feat. Khalid),Ed Sheeran,2019,198.0,0.124,0.64,0.0,-8.0,0.08,93.0,0.65,0.19,0.55,4.0,86
585,Sucker,Jonas Brothers,2019,181.0,0.15755304715909085,0.84,0.169678918465909,-5.0,0.11,138.0,0.73,0.06,0.95,3.9829545454545454,86
586,Don't Call Me Up,Mabel,2019,178.0,0.15755304715909085,0.67,0.169678918465909,-3.0,0.08,99.0,0.88,0.15,0.23,3.9829545454545454,86
587,I Don't Care (with Justin Bieber),Ed Sheeran,2019,220.0,0.15755304715909085,0.8,0.169678918465909,-5.0,0.09,102.0,0.68,0.04,0.84,3.9829545454545454,85
588,Talk (feat. Disclosure),Khalid,2019,198.0,0.051,0.9,0.0,-9.0,0.06,136.0,0.4,0.13,0.35000000000000003,4.0,84
589,Giant (with Rag'n'Bone Man),Calvin Harris,2019,229.0,0.016,0.81,0.000503,-4.0,0.08,122.0,0.89,0.04,0.61,4.0,84
590,Takeaway,The Chainsmokers,2019,210.0,0.126,0.53,0.0,-8.0,0.1,100.0,0.51,0.03,0.35000000000000003,4.0,83
591,All Around The World (La La La),R3HAB,2019,148.0,0.15755304715909085,0.73,0.169678918465909,-5.0,0.11,125.0,0.86,0.03,0.52,3.9829545454545454,82
592,Girls Like You (feat. Cardi B),Maroon 5,2019,236.0,0.21100000000000002,0.85,0.853,-7.0,0.13,125.0,0.54,0.05,0.45,4.0,81
593,Call You Mine,The Chainsmokers,2019,218.0,0.004070000000000001,0.59,6.13e-06,-6.0,0.34,104.0,0.7000000000000001,0.03,0.52,4.0,81
594,No Guidance (feat. Drake),Chris Brown,2019,261.0,0.12300000000000001,0.7000000000000001,0.0,-7.0,0.16,93.0,0.45,0.15,0.14,4.0,81
595,Antisocial (with Travis Scott),Ed Sheeran,2019,162.0,0.132,0.72,0.0,-5.0,0.36,152.0,0.8200000000000001,0.05,0.91,4.0,78
596,"Taki Taki (feat. Selena Gomez, Ozuna & Cardi B)",DJ Snake,2019,213.0,0.157,0.84,4.82e-06,-4.0,0.06,96.0,0.8,0.23,0.62,4.0,77
597,Con Calma - Remix,Daddy Yankee,2019,181.0,0.15755304715909085,0.74,0.169678918465909,-3.0,0.04,94.0,0.87,0.05,0.61,3.9829545454545454,76
598,Find U Again (feat. Camila Cabello),Mark Ronson,2019,176.0,0.15755304715909085,0.61,0.169678918465909,-7.0,0.2,104.0,0.66,0.03,0.16,3.9829545454545454,75
599,Cross Me (feat. Chance the Rapper & PnB Rock),Ed Sheeran,2019,206.0,0.15755304715909085,0.75,0.169678918465909,-6.0,0.07,95.0,0.79,0.12,0.61,3.9829545454545454,75
600,"No Brainer (feat. Justin Bieber, Chance the Rapper & Quavo)",DJ Khaled,2019,260.0,0.073,0.53,0.0,-5.0,0.09,136.0,0.76,0.34,0.65,5.0,70
601,Nothing Breaks Like a Heart (feat. Miley Cyrus),Mark Ronson,2019,217.0,0.0016899999999999999,0.6,0.858,-6.0,0.42,114.0,0.79,0.07,0.24,4.0,69
602,Kills You Slowly,The Chainsmokers,2019,213.0,0.0059299999999999995,0.7000000000000001,0.0048200000000000005,-9.0,0.13,150.0,0.44,0.06,0.23,4.0,67
603,WAP (feat. Megan Thee Stallion),Cardi B,2020,187.541,0.0194,0.935,0.0,-7.508999999999999,0.0824,133.07299999999998,0.45399999999999996,0.375,0.35700000000000004,4.0,95
604,Laugh Now Cry Later (feat. Lil Durk),Drake,2020,261.492,0.244,0.7609999999999999,3.47e-05,-8.871,0.107,133.976,0.518,0.134,0.522,4.0,91
605,Dynamite,BTS,2020,199.053,0.0112,0.746,0.0,-4.41,0.0936,114.044,0.765,0.0993,0.737,4.0,0
606,Mood (feat. Iann Dior),24kGoldn,2020,140.525,0.221,0.7,0.0,-3.5580000000000003,0.272,90.98899999999999,0.722,0.0369,0.7559999999999999,4.0,87
607,ROCKSTAR (feat. Roddy Ricch),DaBaby,2020,181.733,0.247,0.746,0.0,-7.956,0.10099999999999999,89.977,0.69,0.16399999999999998,0.4970000000000001,4.0,100
608,Wishing Well,Juice WRLD,2020,194.62099999999998,0.00336,0.65,0.0,-6.13,0.267,149.972,0.613,0.128,0.0804,4.0,89
609,"WHATS POPPIN (feat. DaBaby, Tory Lanez & Lil Wayne) - Remix",Jack Harlow,2020,227.47799999999998,0.0631,0.904,0.0,-5.224,0.185,145.013,0.723,0.26,0.835,4.0,93
610,For The Night (feat. Lil Baby & DaBaby),Pop Smoke,2020,190.476,0.114,0.823,0.0,-6.606,0.193,125.971,0.586,0.2,0.34700000000000003,4.0,92
611,Smile (with The Weeknd),Juice WRLD,2020,196.18,0.22399999999999998,0.6940000000000001,0.0,-6.535,0.124,158.83100000000005,0.685,0.133,0.306,4.0,87
612,Come & Go (with Marshmello),Juice WRLD,2020,205.484,0.0172,0.625,0.0,-5.181,0.158,144.991,0.8140000000000001,0.0657,0.535,4.0,88
613,Watermelon Sugar,Harry Styles,2019,174.0,0.122,0.5479999999999999,0.0,-4.209,0.335,95.39,0.816,0.0465,0.557,4.0,97
614,Mood Swings (feat. Lil Tjay),Pop Smoke,2020,213.333,0.48700000000000004,0.48,0.0,-6.335,0.0848,179.798,0.602,0.368,0.26899999999999996,4.0,91
615,7 Summers,Morgan Wallen,2020,210.122,0.431,0.625,5.2300000000000004e-05,-5.199,0.12,101.961,0.775,0.0248,0.588,4.0,82
616,Blinding Lights,The Weeknd,2020,200.04,0.00146,0.514,9.54e-05,-5.934,0.0897,171.005,0.73,0.0598,0.33399999999999996,4.0,99
617,Lemonade,Internet Money,2020,195.428,0.256,0.799,0.0,-6.153,0.111,140.04,0.66,0.079,0.47100000000000003,4.0,81
618,Heather,Conan Gray,2020,198.04,0.584,0.35700000000000004,0.0,-7.301,0.322,102.07799999999999,0.425,0.0333,0.27,3.0,89
619,Savage Love (Laxed - Siren Beat),Jawsh 685,2020,171.37400000000002,0.23399999999999999,0.767,0.0,-8.52,0.26899999999999996,150.076,0.48100000000000004,0.0803,0.7609999999999999,4.0,97
620,Blueberry Faygo,Lil Mosey,2020,162.546,0.207,0.774,0.0,-7.909,0.132,99.03399999999999,0.5539999999999999,0.0383,0.349,4.0,88
621,The Woo (feat. 50 Cent & Roddy Ricch),Pop Smoke,2020,201.6,0.0221,0.49,3.77e-06,-5.655,0.259,99.7,0.618,0.10400000000000001,0.28600000000000003,4.0,92
622,Midnight Sky,Miley Cyrus,2020,223.27900000000002,0.00115,0.705,0.00312,-5.466,0.203,110.0,0.8140000000000001,0.0346,0.259,4.0,86
623,Roses - Imanbek Remix,SAINt JHN,2019,176.21800000000005,0.0149,0.785,0.00432,-5.4570000000000025,0.285,121.962,0.721,0.0506,0.894,4.0,80
624,Go Crazy,Chris Brown,2020,176.96,0.316,0.755,0.0,-8.932,0.25,94.148,0.578,0.145,0.581,4.0,92
625,GREECE (feat. Drake),DJ Khaled,2020,218.90099999999998,0.0743,0.695,1.04e-06,-10.798,0.107,85.84,0.34299999999999997,0.0432,0.22899999999999998,4.0,91
626,POPSTAR (feat. Drake),DJ Khaled,2020,200.22099999999998,0.057,0.8,0.0,-4.8180000000000005,0.134,163.071,0.56,0.261,0.45,4.0,92
627,Conversations,Juice WRLD,2020,181.66099999999997,0.17600000000000002,0.747,0.0,-5.825,0.151,159.93,0.622,0.0838,0.57,4.0,83
628,Party Girl,StaySolidRocky,2020,147.8,0.747,0.73,0.0,-9.863999999999999,0.0988,130.09,0.439,0.0609,0.615,4.0,76
629,cardigan,Taylor Swift,2020,239.56,0.537,0.613,0.00034500000000000004,-8.588,0.25,130.033,0.581,0.0424,0.551,4.0,93
630,We Paid (feat. 42 Dugg),Lil Baby,2020,181.929,0.135,0.9259999999999999,0.0,-5.064,0.0877,135.14,0.542,0.293,0.564,4.0,87
631,if i were u (with Lauv),blackbear,2020,186.468,0.14400000000000002,0.6659999999999999,0.0,-5.6129999999999995,0.18899999999999997,82.992,0.628,0.0623,0.767,4.0,33
632,The Box,Roddy Ricch,2019,196.652,0.10400000000000001,0.8959999999999999,0.0,-6.687,0.79,116.971,0.586,0.0559,0.642,4.0,92
633,Hate The Other Side (with Marshmello & The Kid Laroi),Juice WRLD,2020,160.21200000000005,0.29100000000000004,0.701,0.0,-6.313,0.11199999999999999,90.00299999999999,0.65,0.10400000000000001,0.647,4.0,83
634,death bed (coffee for your head),Powfu,2020,173.333,0.731,0.726,0.0,-8.765,0.696,144.026,0.431,0.135,0.348,4.0,95
635,Be Like That - feat. Swae Lee & Khalid,Kane Brown,2020,191.40599999999998,0.0469,0.727,2.58e-05,-8.415,0.126,86.97,0.626,0.0726,0.322,4.0,87
636,Tap In,Saweetie,2020,139.41299999999998,0.00576,0.9540000000000001,0.0004980000000000001,-7.117000000000001,0.0754,100.036,0.696,0.204,0.4320000000000001,4.0,85
637,my future,Billie Eilish,2020,208.155,0.795,0.444,0.132,-10.956,0.35200000000000004,104.745,0.309,0.062,0.0875,4.0,92
638,exile (feat. Bon Iver),Taylor Swift,2020,285.634,0.778,0.298,5.6200000000000004e-05,-8.426,0.11,75.602,0.38,0.0287,0.152,4.0,92
639,Rags2Riches 2 (feat. Lil Baby),Rod Wave,2020,235.987,0.147,0.8740000000000001,0.0,-9.628,0.124,118.00399999999999,0.44299999999999995,0.24100000000000002,0.298,4.0,82
640,DOLLAZ ON MY HEAD (feat. Young Thug),Gunna,2020,197.76,0.114,0.825,0.0,-7.47,0.102,145.115,0.45799999999999996,0.0577,0.161,4.0,87
641,All Girls Are The Same,Juice WRLD,2018,165.81900000000005,0.0769,0.6709999999999999,0.000335,-7.226,0.0856,161.989,0.529,0.307,0.203,4.0,87
642,Lucid Dreams,Juice WRLD,2018,239.835,0.349,0.511,0.0,-7.23,0.34,83.90299999999998,0.5660000000000001,0.2,0.218,4.0,90
643,Circles,Post Malone,2019,215.28,0.192,0.695,0.00244,-3.497,0.0863,120.042,0.762,0.0395,0.5529999999999999,4.0,91
644,Sunflower - Spider-Man: Into the Spider-Verse,Post Malone,2019,157.56,0.5329999999999999,0.755,0.0,-4.368,0.0685,89.96,0.522,0.0575,0.925,4.0,83
645,the 1,Taylor Swift,2020,210.25099999999998,0.757,0.777,7.28e-06,-6.942,0.10800000000000001,139.88299999999998,0.35700000000000004,0.0522,0.172,4.0,90
646,Got It On Me,Pop Smoke,2020,164.579,0.00815,0.688,1.65e-05,-7.257999999999999,0.095,88.834,0.647,0.19,0.195,4.0,88
647,Electric Love,BØRNS,2015,218.106,0.00543,0.611,0.00137,-7.6270000000000024,0.26,120.041,0.797,0.0533,0.518,4.0,87
648,Righteous,Juice WRLD,2020,242.18,0.0417,0.706,0.0,-7.426,0.129,142.94799999999995,0.625,0.0314,0.225,4.0,82
649,Robbery,Juice WRLD,2019,240.05,0.32799999999999996,0.685,0.0,-5.122000000000001,0.153,159.966,0.6920000000000001,0.0457,0.578,5.0,88
650,hot girl bummer,blackbear,2020,188.343,0.125,0.782,0.0,-7.106,0.385,129.99200000000002,0.5589999999999999,0.0767,0.685,1.0,21
651,21,Polo G,2020,163.797,0.149,0.7829999999999999,0.0,-10.645999999999999,0.10099999999999999,176.02700000000004,0.479,0.541,0.5329999999999999,4.0,86
652,my ex's best friend (with blackbear),Machine Gun Kelly,2020,138.97,0.00391,0.728,0.0,-5.096,0.152,124.934,0.685,0.0433,0.33,4.0,84
